# Blender v3.2.0 OBJ File: 'door.blend'
# www.blender.org
mtllib door.mtl
o door_Cylinder
v -2.180248 -0.000000 -1.000000
v -1.780249 0.000000 -1.000000
v -2.180248 -0.195090 -0.980785
v -1.780249 -0.195090 -0.980785
v -2.180248 -0.382683 -0.923880
v -1.780249 -0.382683 -0.923880
v -2.180248 -0.555570 -0.831470
v -1.780249 -0.555570 -0.831470
v -2.180248 -0.707107 -0.707107
v -1.780249 -0.707107 -0.707107
v -2.180248 -0.831470 -0.555570
v -1.780249 -0.831470 -0.555570
v -2.180248 -0.923880 -0.382683
v -1.780249 -0.923880 -0.382683
v -2.180248 -0.980785 -0.195090
v -1.780249 -0.980785 -0.195090
v -2.180248 -1.000000 0.000000
v -1.780249 -1.000000 0.000000
v -2.180248 -0.980785 0.195090
v -1.780249 -0.980785 0.195090
v -2.180248 -0.923880 0.382683
v -1.780249 -0.923880 0.382683
v -2.180248 -0.831470 0.555570
v -1.780249 -0.831470 0.555570
v -2.180248 -0.707107 0.707107
v -1.780249 -0.707107 0.707107
v -2.180248 -0.555570 0.877675
v -1.780249 -0.555570 0.877675
v -2.180248 -0.382684 0.927675
v -1.780249 -0.382684 0.927675
v -2.180248 -0.195090 0.980785
v -1.780249 -0.195090 0.980785
v -2.180248 0.000000 1.000000
v -1.780249 0.000000 1.000000
v -2.180249 0.195090 0.980785
v -1.780249 0.195090 0.980785
v -2.180249 0.382683 0.927675
v -1.780249 0.382683 0.927675
v -2.180249 0.555570 0.877675
v -1.780249 0.555570 0.877675
v -2.180249 0.707107 0.707107
v -1.780249 0.707107 0.707107
v -2.180249 0.831470 0.555570
v -1.780249 0.831470 0.555570
v -2.180249 0.923880 0.382684
v -1.780249 0.923880 0.382684
v -2.180249 0.980785 0.195090
v -1.780249 0.980785 0.195090
v -2.180249 1.000000 0.000000
v -1.780249 1.000000 0.000000
v -2.180249 0.980785 -0.195090
v -1.780249 0.980785 -0.195090
v -2.180249 0.923880 -0.382684
v -1.780249 0.923880 -0.382684
v -2.180249 0.831470 -0.555570
v -1.780249 0.831470 -0.555570
v -2.180249 0.707107 -0.707107
v -1.780249 0.707107 -0.707107
v -2.180249 0.555570 -0.831470
v -1.780249 0.555570 -0.831470
v -2.180249 0.382683 -0.923880
v -1.780249 0.382683 -0.923880
v -2.180249 0.195090 -0.980785
v -1.780249 0.195090 -0.980785
v -1.780249 -0.555570 1.137185
v -2.180248 -0.555570 1.137185
v -2.180248 -0.382684 1.137185
v -1.780249 -0.382684 1.137185
v -1.780249 0.382683 1.137185
v -2.180249 0.382683 1.137185
v -2.180249 0.555570 1.137185
v -1.780249 0.555570 1.137185
v -1.780249 -0.793748 0.877675
v -2.180248 -0.793748 0.877675
v -1.780249 0.793748 0.877675
v -2.180249 0.793748 0.877675
v -1.780249 -0.793748 1.137185
v -2.180248 -0.793748 1.137185
v -1.780249 0.793748 1.137185
v -2.180249 0.793748 1.137185
v -1.780249 -0.195090 -0.980785
v -1.780249 0.000000 -1.000000
v -1.780249 -0.382683 -0.923880
v -1.780249 -0.555570 -0.831470
v -1.780249 -0.707107 -0.707107
v -1.780249 -0.831470 -0.555570
v -1.780249 -0.923880 -0.382683
v -1.780249 -0.980785 -0.195090
v -1.780249 -1.000000 0.000000
v -1.780249 -0.980785 0.195090
v -1.780249 -0.923880 0.382683
v -1.780249 -0.831470 0.555570
v -1.780249 -0.707107 0.707107
v -1.780249 -0.555570 0.877675
v -2.180248 -0.555570 0.877675
v -2.180248 -0.382684 0.877675
v -1.780249 -0.382684 0.877675
v -1.780249 -0.195090 0.980785
v -1.780249 0.000000 1.000000
v -1.780249 0.195090 0.980785
v -1.780249 0.382683 0.877675
v -2.180249 0.382683 0.877675
v -2.180249 0.555570 0.877675
v -1.780249 0.555570 0.877675
v -1.780249 0.707107 0.707107
v -1.780249 0.831470 0.555570
v -1.780249 0.923880 0.382684
v -1.780249 0.980785 0.195090
v -1.780249 1.000000 0.000000
v -1.780249 0.980785 -0.195090
v -1.780249 0.923880 -0.382684
v -1.780249 0.831470 -0.555570
v -1.780249 0.707107 -0.707107
v -1.780249 0.555570 -0.831470
v -1.780249 0.382683 -0.923880
v -1.780249 0.195090 -0.980785
v -1.780249 -0.007966 -0.041085
v -1.780249 -0.000000 -0.041870
v -1.780249 -0.015625 -0.038762
v -1.780249 -0.022684 -0.034988
v -1.780249 -0.028871 -0.029911
v -1.780249 -0.033949 -0.023723
v -1.780249 -0.037722 -0.016665
v -1.780249 -0.040045 -0.009005
v -1.780249 -0.040830 -0.001040
v -1.780249 -0.040045 0.006926
v -1.780249 -0.037722 0.014585
v -1.780249 -0.033949 0.021644
v -1.780249 -0.028629 0.028127
v -1.780249 -0.023211 0.034225
v -2.180248 -0.555570 0.877675
v -2.180248 -0.382684 0.877675
v -1.780249 -0.016243 0.034225
v -1.780249 -0.007453 0.039056
v -1.780249 0.000000 0.039791
v -1.780249 0.007453 0.039056
v -1.780249 0.016243 0.034225
v -2.180249 0.382683 0.877675
v -2.180249 0.555570 0.877675
v -1.780249 0.023211 0.034225
v -1.780249 0.028629 0.028127
v -1.780249 0.033949 0.021644
v -1.780249 0.037722 0.014585
v -1.780249 0.040046 0.006926
v -1.780249 0.040830 -0.001040
v -1.780249 0.040046 -0.009005
v -1.780249 0.037722 -0.016665
v -1.780249 0.033949 -0.023723
v -1.780249 0.028871 -0.029911
v -1.780249 0.022684 -0.034988
v -1.780249 0.015625 -0.038762
v -1.780249 0.007966 -0.041085
v -1.780249 -0.195090 -0.980785
v -1.780249 0.000000 -1.000000
v -1.780249 -0.382683 -0.923880
v -1.780249 -0.555570 -0.831470
v -1.780249 -0.707107 -0.707107
v -1.780249 -0.831470 -0.555570
v -1.780249 -0.923880 -0.382683
v -1.780249 -0.980785 -0.195090
v -1.780249 -1.000000 0.000000
v -1.780249 -0.980785 0.195090
v -1.780249 -0.923880 0.382683
v -1.780249 -0.831470 0.555570
v -1.780249 -0.707107 0.707107
v -1.780249 -0.555570 0.877675
v -2.180248 -0.555570 0.877675
v -2.180248 -0.382684 0.877675
v -1.780249 -0.382684 0.877675
v -1.780249 -0.195090 0.980785
v -1.780249 0.000000 1.000000
v -1.780249 0.195090 0.980785
v -1.780249 0.382683 0.877675
v -2.180249 0.382683 0.877675
v -2.180249 0.555570 0.877675
v -1.780249 0.555570 0.877675
v -1.780249 0.707107 0.707107
v -1.780249 0.831470 0.555570
v -1.780249 0.923880 0.382684
v -1.780249 0.980785 0.195090
v -1.780249 1.000000 0.000000
v -1.780249 0.980785 -0.195090
v -1.780249 0.923880 -0.382684
v -1.780249 0.831470 -0.555570
v -1.780249 0.707107 -0.707107
v -1.780249 0.555570 -0.831470
v -1.780249 0.382683 -0.923880
v -1.780249 0.195090 -0.980785
v -1.780249 -0.195090 -0.980785
v -1.780249 0.000000 -1.000000
v -1.780249 -0.382683 -0.923880
v -1.780249 -0.555570 -0.831470
v -1.780249 -0.707107 -0.707107
v -1.780249 -0.831470 -0.555570
v -1.780249 -0.923880 -0.382683
v -1.780249 -0.980785 -0.195090
v -1.780249 -1.000000 0.000000
v -1.780249 -0.980785 0.195090
v -1.780249 -0.923880 0.382683
v -1.780249 -0.831470 0.555570
v -1.780249 -0.707107 0.707107
v -1.780249 -0.555570 0.877675
v -1.780249 -0.382684 0.877675
v -1.780249 -0.195090 0.980785
v -1.780249 0.000000 1.000000
v -1.780249 0.195090 0.980785
v -1.780249 0.382683 0.877675
v -1.780249 0.555570 0.877675
v -1.780249 0.707107 0.707107
v -1.780249 0.831470 0.555570
v -1.780249 0.923880 0.382684
v -1.780249 0.980785 0.195090
v -1.780249 1.000000 0.000000
v -1.780249 0.980785 -0.195090
v -1.780249 0.923880 -0.382684
v -1.780249 0.831470 -0.555570
v -1.780249 0.707107 -0.707107
v -1.780249 0.555570 -0.831470
v -1.780249 0.382683 -0.923880
v -1.780249 0.195090 -0.980785
v -1.650505 -0.040045 -0.009005
v -1.650505 -0.040830 -0.001040
v -1.650505 0.033949 0.021644
v -1.650505 0.037722 0.014585
v -1.650505 -0.040045 0.006926
v -1.650505 0.040046 0.006926
v -1.650505 -0.037722 0.014585
v -1.650505 0.040830 -0.001040
v -1.650505 -0.033949 0.021644
v -1.650505 0.040046 -0.009005
v -1.650505 -0.028629 0.028127
v -1.650505 0.037722 -0.016665
v -1.650505 -0.023211 0.034225
v -1.650505 0.033949 -0.023723
v -1.650505 -0.016242 0.034225
v -1.650505 0.000000 -0.041870
v -1.650505 -0.007965 -0.041085
v -1.650505 0.028872 -0.029911
v -1.650505 -0.007453 0.039056
v -1.650505 -0.015625 -0.038762
v -1.650505 0.022684 -0.034988
v -1.650505 0.000000 0.039791
v -1.650505 -0.022684 -0.034988
v -1.650505 0.015625 -0.038762
v -1.650505 0.007454 0.039056
v -1.650505 -0.028871 -0.029911
v -1.650505 0.007966 -0.041085
v -1.650505 0.016243 0.034225
v -1.650505 -0.033949 -0.023723
v -1.650505 0.023211 0.034225
v -1.650505 -0.037722 -0.016665
v -1.650505 0.028630 0.028127
v -1.780249 -0.793748 0.877675
v -2.180248 -0.793748 0.877675
v -1.780249 0.793748 0.877675
v -2.180249 0.793748 0.877675
v -1.780249 -0.793748 1.137185
v -2.180248 -0.793748 1.137185
v -1.780249 0.793748 1.137185
v -2.180249 0.793748 1.137185
v -1.780249 -0.793748 0.877675
v -2.180248 -0.793748 0.877675
v -1.780249 0.793748 0.877675
v -2.180249 0.793748 0.877675
v -1.780249 -0.793748 1.137185
v -2.180248 -0.793748 1.137185
v -1.780249 0.793748 1.137185
v -2.180249 0.793748 1.137185
v -1.780249 -0.793748 0.877675
v -2.180248 -0.793748 0.877675
v -1.780249 -0.793748 1.137185
v -2.180248 -0.793748 1.137185
v -1.880249 -0.793748 0.942552
v -2.080249 -0.793748 0.942552
v -1.880249 -0.793748 1.072307
v -2.080249 -0.793748 1.072307
v -1.880249 0.793748 0.942552
v -2.080249 0.793748 0.942552
v -1.880249 0.793748 1.072307
v -2.080249 0.793748 1.072307
v -1.880249 -1.023864 0.942552
v -2.080249 -1.023864 0.942552
v -1.880249 -1.023864 1.072307
v -2.080249 -1.023864 1.072307
v -1.880249 1.023864 0.942552
v -2.080249 1.023864 0.942552
v -1.880249 1.023864 1.072307
v -2.080249 1.023864 1.072307
v -1.751872 -0.382684 0.877675
v -1.751872 -0.555570 0.877675
v -1.751872 0.555570 0.877675
v -1.751872 0.382683 0.877675
v -1.751872 -0.382684 1.137185
v -1.751872 -0.555570 1.137185
v -1.751872 0.555570 1.137185
v -1.751872 0.382683 1.137185
v -1.780249 -0.382684 0.005168
v -1.780249 -0.555570 0.005168
v -1.780249 0.555570 0.005168
v -1.780249 0.382683 0.005168
v -1.751872 -0.382684 0.005168
v -1.751872 -0.555570 0.005168
v -1.751872 0.555570 0.005168
v -1.751872 0.382683 0.005168
v -1.780249 0.382683 0.110669
v -1.751872 0.382683 0.110669
v -1.751872 0.555570 0.110669
v -1.780249 0.555570 0.110669
v -1.751872 -0.382684 0.110376
v -1.780249 -0.382684 0.110376
v -1.780249 -0.555570 0.110376
v -1.751872 -0.555570 0.110376
v -1.751872 -0.767778 0.005168
v -1.780249 -0.767778 0.005168
v -1.751872 0.767778 0.005168
v -1.780249 0.767778 0.005168
v -1.780249 -0.767778 0.110376
v -1.751872 0.767778 0.110669
v -1.780249 0.767778 0.110669
v -1.751872 -0.767778 0.110376
v -1.751872 -0.661674 0.110376
v -1.751872 -0.661674 0.005168
v -1.780249 -0.661674 0.005168
v -1.780249 -0.661674 0.110376
v -1.780249 0.661674 0.005168
v -1.751872 0.661674 0.005168
v -1.751872 0.661674 0.110669
v -1.780249 0.661674 0.110669
v -1.744371 -0.702375 0.066650
v -1.744371 -0.705719 0.069994
v -1.744371 -0.709935 0.072116
v -1.744371 -0.714597 0.072925
v -1.751872 -0.555570 0.005168
v -1.751872 -0.555570 0.110376
v -1.751872 -0.661674 0.005168
v -1.751872 -0.661674 0.110376
v -1.744371 -0.714855 0.072925
v -1.744371 -0.719516 0.072116
v -1.744371 -0.723732 0.069994
v -1.744371 -0.727077 0.066650
v -1.751872 0.555570 0.005168
v -1.751872 0.555570 0.110669
v -1.751872 0.661674 0.005168
v -1.751872 0.661674 0.110669
v -1.744371 -0.729199 0.062434
v -1.744371 -0.730007 0.057772
v -1.744371 -0.730007 0.057772
v -1.744371 -0.729199 0.053110
v -1.744371 -0.727077 0.048895
v -1.744371 -0.723732 0.045550
v -1.744371 -0.719516 0.043428
v -1.744371 -0.714855 0.042619
v -1.751872 -0.740767 0.031950
v -1.751872 -0.714855 0.042619
v -1.751872 -0.730007 0.057772
v -1.751872 -0.736678 0.035212
v -1.751872 -0.731539 0.038198
v -1.751872 -0.737478 0.036012
v -1.751872 -0.734344 0.038392
v -1.751872 -0.730851 0.040281
v -1.751872 -0.734466 0.041126
v -1.751872 -0.732385 0.041835
v -1.751872 -0.730263 0.042384
v -1.751872 -0.719516 0.043428
v -1.751872 -0.723732 0.045550
v -1.751872 -0.720055 0.042056
v -1.751872 -0.723277 0.042873
v -1.751872 -0.726003 0.044431
v -1.751872 -0.725807 0.040558
v -1.751872 -0.727104 0.041812
v -1.751872 -0.728189 0.043240
v -1.751872 -0.730575 0.052576
v -1.751872 -0.732086 0.046837
v -1.751872 -0.729199 0.053110
v -1.751872 -0.729651 0.049401
v -1.751872 -0.730801 0.045552
v -1.751872 -0.727077 0.048895
v -1.751872 -0.728161 0.046645
v -1.751872 -0.729400 0.044450
v -1.751872 -0.730007 0.057772
v -1.751872 -0.714855 0.072925
v -1.751872 -0.740767 0.083594
v -1.751872 -0.729199 0.062434
v -1.751872 -0.727077 0.066650
v -1.751872 -0.730575 0.062968
v -1.751872 -0.729760 0.066188
v -1.751872 -0.728202 0.068914
v -1.751872 -0.732086 0.068707
v -1.751872 -0.730830 0.070006
v -1.751872 -0.729400 0.071094
v -1.751872 -0.720055 0.073488
v -1.751872 -0.725807 0.074986
v -1.751872 -0.719516 0.072116
v -1.751872 -0.723231 0.072562
v -1.751872 -0.727090 0.073703
v -1.751872 -0.723732 0.069994
v -1.751872 -0.725988 0.071072
v -1.751872 -0.728189 0.072305
v -1.751872 -0.737478 0.079532
v -1.751872 -0.734466 0.074418
v -1.751872 -0.736678 0.080332
v -1.751872 -0.734280 0.077216
v -1.751872 -0.732374 0.073740
v -1.751872 -0.731539 0.077346
v -1.751872 -0.730820 0.075274
v -1.751872 -0.730263 0.073160
v -1.751872 -0.714597 0.072925
v -1.751872 -0.699444 0.057772
v -1.751872 -0.688684 0.083594
v -1.751872 -0.709935 0.072116
v -1.751872 -0.705719 0.069994
v -1.751872 -0.709396 0.073488
v -1.751872 -0.706175 0.072671
v -1.751872 -0.703449 0.071113
v -1.751872 -0.703644 0.074986
v -1.751872 -0.702348 0.073732
v -1.751872 -0.701263 0.072305
v -1.751872 -0.698876 0.062968
v -1.751872 -0.697365 0.068707
v -1.751872 -0.700253 0.062434
v -1.751872 -0.699801 0.066143
v -1.751872 -0.698651 0.069992
v -1.751872 -0.702375 0.066650
v -1.751872 -0.701291 0.068899
v -1.751872 -0.700052 0.071094
v -1.751872 -0.692774 0.080332
v -1.751872 -0.697913 0.077346
v -1.751872 -0.691974 0.079532
v -1.751872 -0.695107 0.077152
v -1.751872 -0.698601 0.075263
v -1.751872 -0.694986 0.074418
v -1.751872 -0.697067 0.073709
v -1.751872 -0.699189 0.073160
v -1.751872 -0.688684 0.031950
v -1.751872 -0.699444 0.057772
v -1.751872 -0.714597 0.042619
v -1.751872 -0.691974 0.036012
v -1.751872 -0.694986 0.041126
v -1.751872 -0.692774 0.035212
v -1.751872 -0.695172 0.038328
v -1.751872 -0.697078 0.041804
v -1.751872 -0.697913 0.038198
v -1.751872 -0.698631 0.040270
v -1.751872 -0.699189 0.042384
v -1.751872 -0.700253 0.053110
v -1.751872 -0.702375 0.048895
v -1.751872 -0.698876 0.052576
v -1.751872 -0.699692 0.049356
v -1.751872 -0.701250 0.046630
v -1.751872 -0.697365 0.046837
v -1.751872 -0.698622 0.045538
v -1.751872 -0.700052 0.044450
v -1.751872 -0.709396 0.042056
v -1.751872 -0.703644 0.040558
v -1.751872 -0.709935 0.043428
v -1.751872 -0.706220 0.042982
v -1.751872 -0.702362 0.041841
v -1.751872 -0.705719 0.045550
v -1.751872 -0.703464 0.044472
v -1.751872 -0.701263 0.043240
v -1.751872 -0.592773 0.057209
v -1.751872 -0.607925 0.042057
v -1.751872 -0.582013 0.031388
v -1.751872 -0.593581 0.052548
v -1.751872 -0.595703 0.048332
v -1.751872 -0.592205 0.052013
v -1.751872 -0.593020 0.048793
v -1.751872 -0.594578 0.046067
v -1.751872 -0.590694 0.046274
v -1.751872 -0.591950 0.044975
v -1.751872 -0.593380 0.043887
v -1.751872 -0.602725 0.041493
v -1.751872 -0.596973 0.039995
v -1.751872 -0.603264 0.042865
v -1.751872 -0.599549 0.042419
v -1.751872 -0.595690 0.041278
v -1.751872 -0.599048 0.044987
v -1.751872 -0.596792 0.043909
v -1.751872 -0.594591 0.042677
v -1.751872 -0.585303 0.035449
v -1.751872 -0.588314 0.040563
v -1.751872 -0.586102 0.034649
v -1.751872 -0.588500 0.037765
v -1.751872 -0.590406 0.041241
v -1.751872 -0.591241 0.037636
v -1.751872 -0.591960 0.039708
v -1.751872 -0.592517 0.041821
v -1.751872 -0.582013 0.084157
v -1.751872 -0.607925 0.073488
v -1.751872 -0.592773 0.058335
v -1.751872 -0.586102 0.080895
v -1.751872 -0.591241 0.077909
v -1.751872 -0.585303 0.080095
v -1.751872 -0.588436 0.077715
v -1.751872 -0.591930 0.075826
v -1.751872 -0.588314 0.074981
v -1.751872 -0.590395 0.074272
v -1.751872 -0.592517 0.073723
v -1.751872 -0.603264 0.072679
v -1.751872 -0.599048 0.070557
v -1.751872 -0.602725 0.074051
v -1.751872 -0.599503 0.073234
v -1.751872 -0.596777 0.071676
v -1.751872 -0.596973 0.075549
v -1.751872 -0.595676 0.074295
v -1.751872 -0.594591 0.072867
v -1.751872 -0.592205 0.063531
v -1.751872 -0.590694 0.069270
v -1.751872 -0.593581 0.062997
v -1.751872 -0.593130 0.066706
v -1.751872 -0.591979 0.070555
v -1.751872 -0.595703 0.067213
v -1.751872 -0.594619 0.069462
v -1.751872 -0.593380 0.071657
v -1.751872 -0.609319 0.042057
v -1.751872 -0.624471 0.057209
v -1.751872 -0.635231 0.031388
v -1.751872 -0.613980 0.042865
v -1.751872 -0.618196 0.044987
v -1.751872 -0.614519 0.041493
v -1.751872 -0.617741 0.042310
v -1.751872 -0.620467 0.043868
v -1.751872 -0.620271 0.039995
v -1.751872 -0.621568 0.041249
v -1.751872 -0.622653 0.042677
v -1.751872 -0.625039 0.052013
v -1.751872 -0.626550 0.046274
v -1.751872 -0.623663 0.052548
v -1.751872 -0.624115 0.048838
v -1.751872 -0.625265 0.044989
v -1.751872 -0.621541 0.048332
v -1.751872 -0.622625 0.046082
v -1.751872 -0.623864 0.043887
v -1.751872 -0.631142 0.034649
v -1.751872 -0.626003 0.037636
v -1.751872 -0.631942 0.035449
v -1.751872 -0.628808 0.037829
v -1.751872 -0.625315 0.039718
v -1.751872 -0.628930 0.040563
v -1.751872 -0.626849 0.041272
v -1.751872 -0.624727 0.041821
v -1.751872 -0.635231 0.084157
v -1.751872 -0.624471 0.058335
v -1.751872 -0.609319 0.073488
v -1.751872 -0.631942 0.080095
v -1.751872 -0.628930 0.074981
v -1.751872 -0.631142 0.080895
v -1.751872 -0.628744 0.077779
v -1.751872 -0.626838 0.074303
v -1.751872 -0.626003 0.077909
v -1.751872 -0.625284 0.075837
v -1.751872 -0.624727 0.073723
v -1.751872 -0.623663 0.062997
v -1.751872 -0.621541 0.067213
v -1.751872 -0.625039 0.063531
v -1.751872 -0.624224 0.066751
v -1.751872 -0.622666 0.069477
v -1.751872 -0.626550 0.069270
v -1.751872 -0.625294 0.070569
v -1.751872 -0.623864 0.071657
v -1.751872 -0.614519 0.074051
v -1.751872 -0.620271 0.075549
v -1.751872 -0.613980 0.072679
v -1.751872 -0.617695 0.073125
v -1.751872 -0.621554 0.074266
v -1.751872 -0.618196 0.070557
v -1.751872 -0.620452 0.071635
v -1.751872 -0.622653 0.072867
v -1.751872 0.581710 0.031159
v -1.751872 0.607607 0.041843
v -1.751872 0.592455 0.056995
v -1.751872 0.585795 0.034425
v -1.751872 0.590930 0.037416
v -1.751872 0.584995 0.035225
v -1.751872 0.588125 0.037608
v -1.751872 0.591616 0.039500
v -1.751872 0.588002 0.040343
v -1.751872 0.590082 0.041054
v -1.751872 0.592203 0.041604
v -1.751872 0.602946 0.042651
v -1.751872 0.598730 0.044773
v -1.751872 0.602408 0.041279
v -1.751872 0.599186 0.042095
v -1.751872 0.596460 0.043653
v -1.751872 0.596658 0.039779
v -1.751872 0.595361 0.041033
v -1.751872 0.594275 0.042461
v -1.751872 0.591888 0.051799
v -1.751872 0.590379 0.046058
v -1.751872 0.593263 0.052334
v -1.751872 0.592813 0.048624
v -1.751872 0.591664 0.044773
v -1.751872 0.595385 0.048118
v -1.751872 0.594302 0.045867
v -1.751872 0.593065 0.043672
v -1.751872 0.592455 0.058841
v -1.751872 0.607607 0.073994
v -1.751872 0.581710 0.084678
v -1.751872 0.593263 0.063503
v -1.751872 0.595385 0.067719
v -1.751872 0.591888 0.064038
v -1.751872 0.592703 0.067258
v -1.751872 0.594261 0.069984
v -1.751872 0.590379 0.069779
v -1.751872 0.591635 0.071078
v -1.751872 0.593065 0.072165
v -1.751872 0.602408 0.074558
v -1.751872 0.596658 0.076058
v -1.751872 0.602946 0.073185
v -1.751872 0.599232 0.073632
v -1.751872 0.595375 0.074775
v -1.751872 0.598730 0.071063
v -1.751872 0.596475 0.072142
v -1.751872 0.594275 0.073376
v -1.751872 0.584995 0.080612
v -1.751872 0.588002 0.075494
v -1.751872 0.585795 0.081411
v -1.751872 0.588190 0.078293
v -1.751872 0.590093 0.074813
v -1.751872 0.590930 0.078421
v -1.751872 0.591647 0.076347
v -1.751872 0.592203 0.074232
v -1.751872 0.635535 0.031159
v -1.751872 0.624790 0.056995
v -1.751872 0.609637 0.041843
v -1.751872 0.632250 0.035225
v -1.751872 0.629242 0.040343
v -1.751872 0.631450 0.034425
v -1.751872 0.629055 0.037544
v -1.751872 0.627152 0.041023
v -1.751872 0.626315 0.037416
v -1.751872 0.625598 0.039489
v -1.751872 0.625042 0.041604
v -1.751872 0.623981 0.052334
v -1.751872 0.621859 0.048118
v -1.751872 0.625357 0.051799
v -1.751872 0.624541 0.048578
v -1.751872 0.622983 0.045852
v -1.751872 0.626866 0.046058
v -1.751872 0.625610 0.044759
v -1.751872 0.624180 0.043671
v -1.751872 0.614837 0.041279
v -1.751872 0.620587 0.039779
v -1.751872 0.614299 0.042651
v -1.751872 0.618013 0.042204
v -1.751872 0.621870 0.041062
v -1.751872 0.618515 0.044773
v -1.751872 0.620769 0.043694
v -1.751872 0.622969 0.042461
v -1.751872 0.609637 0.073994
v -1.751872 0.624790 0.058841
v -1.751872 0.635535 0.084678
v -1.751872 0.614299 0.073185
v -1.751872 0.618515 0.071063
v -1.751872 0.614837 0.074558
v -1.751872 0.618058 0.073741
v -1.751872 0.620784 0.072183
v -1.751872 0.620587 0.076058
v -1.751872 0.621884 0.074803
v -1.751872 0.622969 0.073376
v -1.751872 0.625357 0.064038
v -1.751872 0.626866 0.069779
v -1.751872 0.623981 0.063503
v -1.751872 0.624432 0.067213
v -1.751872 0.625581 0.071064
v -1.751872 0.621859 0.067719
v -1.751872 0.622942 0.069969
v -1.751872 0.624180 0.072165
v -1.751872 0.631450 0.081411
v -1.751872 0.626315 0.078421
v -1.751872 0.632250 0.080612
v -1.751872 0.629119 0.078229
v -1.751872 0.625628 0.076337
v -1.751872 0.629242 0.075494
v -1.751872 0.627162 0.074783
v -1.751872 0.625042 0.074232
v -1.751872 0.731581 0.056312
v -1.751872 0.716428 0.041159
v -1.751872 0.742326 0.030475
v -1.751872 0.730772 0.051650
v -1.751872 0.728650 0.047434
v -1.751872 0.732148 0.051115
v -1.751872 0.731332 0.047895
v -1.751872 0.729774 0.045169
v -1.751872 0.733657 0.045374
v -1.751872 0.732401 0.044075
v -1.751872 0.730971 0.042988
v -1.751872 0.721628 0.040595
v -1.751872 0.727378 0.039095
v -1.751872 0.721090 0.041968
v -1.751872 0.724804 0.041521
v -1.751872 0.728661 0.040378
v -1.751872 0.725306 0.044090
v -1.751872 0.727560 0.043011
v -1.751872 0.729760 0.041777
v -1.751872 0.739041 0.034542
v -1.751872 0.736033 0.039660
v -1.751872 0.738241 0.033742
v -1.751872 0.735846 0.036860
v -1.751872 0.733943 0.040340
v -1.751872 0.733106 0.036732
v -1.751872 0.732389 0.038806
v -1.751872 0.731833 0.040921
v -1.751872 0.742326 0.085361
v -1.751872 0.716428 0.074677
v -1.751872 0.731581 0.059525
v -1.751872 0.738241 0.082095
v -1.751872 0.733106 0.079104
v -1.751872 0.739041 0.081295
v -1.751872 0.735910 0.078912
v -1.751872 0.732419 0.077020
v -1.751872 0.736033 0.076177
v -1.751872 0.733953 0.075466
v -1.751872 0.731833 0.074916
v -1.751872 0.721090 0.073869
v -1.751872 0.725306 0.071747
v -1.751872 0.721628 0.075241
v -1.751872 0.724849 0.074424
v -1.751872 0.727575 0.072867
v -1.751872 0.727378 0.076741
v -1.751872 0.728675 0.075487
v -1.751872 0.729760 0.074059
v -1.751872 0.732148 0.064721
v -1.751872 0.733657 0.070462
v -1.751872 0.730772 0.064186
v -1.751872 0.731223 0.067896
v -1.751872 0.732372 0.071747
v -1.751872 0.728650 0.068402
v -1.751872 0.729733 0.070653
v -1.751872 0.730971 0.072848
v -1.751872 0.713024 0.041159
v -1.751872 0.697871 0.056312
v -1.751872 0.687126 0.030475
v -1.751872 0.708362 0.041968
v -1.751872 0.704146 0.044090
v -1.751872 0.707824 0.040595
v -1.751872 0.704603 0.041412
v -1.751872 0.701877 0.042970
v -1.751872 0.702074 0.039095
v -1.751872 0.700777 0.040350
v -1.751872 0.699692 0.041777
v -1.751872 0.697304 0.051115
v -1.751872 0.695795 0.045374
v -1.751872 0.698680 0.051650
v -1.751872 0.698229 0.047940
v -1.751872 0.697080 0.044089
v -1.751872 0.700802 0.047434
v -1.751872 0.699719 0.045184
v -1.751872 0.698481 0.042988
v -1.751872 0.691211 0.033742
v -1.751872 0.696346 0.036732
v -1.751872 0.690411 0.034542
v -1.751872 0.693542 0.036924
v -1.751872 0.697033 0.038816
v -1.751872 0.693419 0.039660
v -1.751872 0.695499 0.040370
v -1.751872 0.697619 0.040921
v -1.751872 0.687126 0.085361
v -1.751872 0.697871 0.059525
v -1.751872 0.713024 0.074677
v -1.751872 0.690411 0.081295
v -1.751872 0.693419 0.076177
v -1.751872 0.691211 0.082095
v -1.751872 0.693606 0.078976
v -1.751872 0.695509 0.075497
v -1.751872 0.696346 0.079104
v -1.751872 0.697063 0.077031
v -1.751872 0.697619 0.074916
v -1.751872 0.698680 0.064186
v -1.751872 0.700802 0.068402
v -1.751872 0.697304 0.064721
v -1.751872 0.698120 0.067941
v -1.751872 0.699678 0.070668
v -1.751872 0.695795 0.070462
v -1.751872 0.697051 0.071761
v -1.751872 0.698481 0.072848
v -1.751872 0.707824 0.075241
v -1.751872 0.702074 0.076741
v -1.751872 0.708362 0.073869
v -1.751872 0.704648 0.074315
v -1.751872 0.700791 0.075458
v -1.751872 0.704146 0.071747
v -1.751872 0.701892 0.072826
v -1.751872 0.699692 0.074059
v -1.744371 -0.700253 0.062434
v -1.744371 -0.699444 0.057772
v -1.744371 -0.699444 0.057772
v -1.744371 -0.700253 0.053110
v -1.744371 -0.702375 0.048895
v -1.744371 -0.705719 0.045550
v -1.744371 -0.709935 0.043428
v -1.744371 -0.714597 0.042619
v -1.744370 -0.592773 0.057209
v -1.744370 -0.593581 0.052548
v -1.744370 -0.595703 0.048332
v -1.744370 -0.599048 0.044987
v -1.744370 -0.603264 0.042865
v -1.744370 -0.607926 0.042057
v -1.744370 -0.607926 0.073488
v -1.744370 -0.603264 0.072679
v -1.744370 -0.599048 0.070557
v -1.744370 -0.595703 0.067213
v -1.744370 -0.593581 0.062997
v -1.744370 -0.592773 0.058335
v -1.744370 -0.609319 0.042057
v -1.744370 -0.613981 0.042865
v -1.744370 -0.618196 0.044987
v -1.744370 -0.621541 0.048332
v -1.744370 -0.623663 0.052548
v -1.744370 -0.624472 0.057209
v -1.744370 -0.624472 0.058335
v -1.744370 -0.623663 0.062997
v -1.744370 -0.621541 0.067213
v -1.744370 -0.618196 0.070557
v -1.744370 -0.613981 0.072679
v -1.744370 -0.609319 0.073488
v -1.744371 0.607607 0.041843
v -1.744371 0.602946 0.042651
v -1.744371 0.598730 0.044773
v -1.744371 0.595385 0.048118
v -1.744371 0.593263 0.052334
v -1.744371 0.592455 0.056995
v -1.744371 0.592455 0.058841
v -1.744371 0.593263 0.063503
v -1.744371 0.595385 0.067719
v -1.744371 0.598730 0.071063
v -1.744371 0.602946 0.073185
v -1.744371 0.607607 0.073994
v -1.744371 0.624790 0.056995
v -1.744371 0.623981 0.052334
v -1.744371 0.621859 0.048118
v -1.744371 0.618515 0.044773
v -1.744371 0.614299 0.042651
v -1.744371 0.609637 0.041843
v -1.744371 0.609637 0.073994
v -1.744371 0.614299 0.073185
v -1.744371 0.618515 0.071063
v -1.744371 0.621859 0.067719
v -1.744371 0.623981 0.063503
v -1.744371 0.624790 0.058841
v -1.744370 0.731581 0.056312
v -1.744370 0.730772 0.051650
v -1.744370 0.728650 0.047434
v -1.744370 0.725306 0.044090
v -1.744370 0.721090 0.041968
v -1.744370 0.716428 0.041159
v -1.744370 0.716428 0.074677
v -1.744370 0.721090 0.073869
v -1.744370 0.725306 0.071747
v -1.744370 0.728650 0.068402
v -1.744370 0.730772 0.064186
v -1.744370 0.731581 0.059525
v -1.744370 0.713024 0.041159
v -1.744370 0.708362 0.041968
v -1.744370 0.704147 0.044090
v -1.744370 0.700802 0.047434
v -1.744370 0.698680 0.051650
v -1.744370 0.697871 0.056312
v -1.744370 0.697871 0.059525
v -1.744370 0.698680 0.064186
v -1.744370 0.700802 0.068402
v -1.744370 0.704147 0.071747
v -1.744370 0.708362 0.073869
v -1.744370 0.713024 0.074677
v -2.180248 -0.000000 -1.000000
v -2.180248 -0.195090 -0.980785
v -1.780249 -0.195090 -0.980785
v -1.780249 0.000000 -1.000000
v -1.780249 -0.382683 -0.923880
v -2.180248 -0.382683 -0.923880
v -2.180248 -0.555570 -0.831470
v -1.780249 -0.555570 -0.831470
v -1.780249 -0.707107 -0.707107
v -2.180248 -0.707107 -0.707107
v -2.180248 -0.831470 -0.555570
v -1.780249 -0.831470 -0.555570
v -1.780249 -0.923880 -0.382683
v -2.180248 -0.923880 -0.382683
v -2.180248 -0.980785 -0.195090
v -1.780249 -0.980785 -0.195090
v -1.780249 -1.000000 0.000000
v -2.180248 -1.000000 0.000000
v -2.180248 -0.980785 0.195090
v -1.780249 -0.980785 0.195090
v -1.780249 -0.923880 0.382683
v -2.180248 -0.923880 0.382683
v -2.180248 -0.831470 0.555570
v -1.780249 -0.831470 0.555570
v -1.780249 -0.707107 0.707107
v -2.180248 -0.707107 0.707107
v -2.180248 -0.555570 0.877675
v -1.780249 -0.555570 0.877675
v -1.780249 0.707107 0.707107
v -2.180249 0.707107 0.707107
v -2.180249 0.831470 0.555570
v -1.780249 0.831470 0.555570
v -1.780249 0.923880 0.382684
v -2.180249 0.923880 0.382684
v -2.180249 0.980785 0.195090
v -1.780249 0.980785 0.195090
v -1.780249 1.000000 0.000000
v -2.180249 1.000000 0.000000
v -2.180249 0.980785 -0.195090
v -1.780249 0.980785 -0.195090
v -1.780249 0.923880 -0.382684
v -2.180249 0.923880 -0.382684
v -2.180249 0.831470 -0.555570
v -1.780249 0.831470 -0.555570
v -1.780249 0.707107 -0.707107
v -2.180249 0.707107 -0.707107
v -2.180249 0.555570 -0.831470
v -1.780249 0.555570 -0.831470
v -1.780249 0.382683 -0.923880
v -2.180249 0.382683 -0.923880
v -2.180249 0.195090 -0.980785
v -1.780249 0.195090 -0.980785
v -2.180248 -0.000000 -1.000000
v -2.180248 -0.195090 -0.980785
v -1.780249 -0.195090 -0.980785
v -1.780249 0.000000 -1.000000
v -1.780249 -0.382683 -0.923880
v -2.180248 -0.382683 -0.923880
v -2.180248 -0.555570 -0.831470
v -1.780249 -0.555570 -0.831470
v -1.780249 -0.707107 -0.707107
v -2.180248 -0.707107 -0.707107
v -2.180248 -0.831470 -0.555570
v -1.780249 -0.831470 -0.555570
v -1.780249 -0.923880 -0.382683
v -2.180248 -0.923880 -0.382683
v -2.180248 -0.980785 -0.195090
v -1.780249 -0.980785 -0.195090
v -1.780249 -1.000000 0.000000
v -2.180248 -1.000000 0.000000
v -2.180248 -0.980785 0.195090
v -1.780249 -0.980785 0.195090
v -1.780249 -0.923880 0.382683
v -2.180248 -0.923880 0.382683
v -2.180248 -0.831470 0.555570
v -1.780249 -0.831470 0.555570
v -1.780249 -0.707107 0.707107
v -2.180248 -0.707107 0.707107
v -2.180248 -0.555570 0.877675
v -1.780249 -0.555570 0.877675
v -1.780249 0.707107 0.707107
v -2.180249 0.707107 0.707107
v -2.180249 0.831470 0.555570
v -1.780249 0.831470 0.555570
v -1.780249 0.923880 0.382684
v -2.180249 0.923880 0.382684
v -2.180249 0.980785 0.195090
v -1.780249 0.980785 0.195090
v -1.780249 1.000000 0.000000
v -2.180249 1.000000 0.000000
v -2.180249 0.980785 -0.195090
v -1.780249 0.980785 -0.195090
v -1.780249 0.923880 -0.382684
v -2.180249 0.923880 -0.382684
v -2.180249 0.831470 -0.555570
v -1.780249 0.831470 -0.555570
v -1.780249 0.707107 -0.707107
v -2.180249 0.707107 -0.707107
v -2.180249 0.555570 -0.831470
v -1.780249 0.555570 -0.831470
v -1.780249 0.382683 -0.923880
v -2.180249 0.382683 -0.923880
v -2.180249 0.195090 -0.980785
v -1.780249 0.195090 -0.980785
v -2.180248 -0.000000 -1.000000
v -2.180248 -0.195090 -0.980785
v -1.780249 -0.195090 -0.980785
v -1.780249 0.000000 -1.000000
v -1.780249 -0.382683 -0.923880
v -2.180248 -0.382683 -0.923880
v -2.180248 -0.555570 -0.831470
v -1.780249 -0.555570 -0.831470
v -1.780249 -0.707107 -0.707107
v -2.180248 -0.707107 -0.707107
v -2.180248 -0.831470 -0.555570
v -1.780249 -0.831470 -0.555570
v -1.780249 -0.923880 -0.382683
v -2.180248 -0.923880 -0.382683
v -2.180248 -0.980785 -0.195090
v -1.780249 -0.980785 -0.195090
v -1.780249 -1.000000 0.000000
v -2.180248 -1.000000 0.000000
v -2.180248 -0.980785 0.195090
v -1.780249 -0.980785 0.195090
v -1.780249 -0.923880 0.382683
v -2.180248 -0.923880 0.382683
v -2.180248 -0.831470 0.555570
v -1.780249 -0.831470 0.555570
v -1.780249 -0.707107 0.707107
v -2.180248 -0.707107 0.707107
v -2.180248 -0.555570 0.877675
v -1.780249 -0.555570 0.877675
v -1.780249 0.707107 0.707107
v -2.180249 0.707107 0.707107
v -2.180249 0.831470 0.555570
v -1.780249 0.831470 0.555570
v -1.780249 0.923880 0.382684
v -2.180249 0.923880 0.382684
v -2.180249 0.980785 0.195090
v -1.780249 0.980785 0.195090
v -1.780249 1.000000 0.000000
v -2.180249 1.000000 0.000000
v -2.180249 0.980785 -0.195090
v -1.780249 0.980785 -0.195090
v -1.780249 0.923880 -0.382684
v -2.180249 0.923880 -0.382684
v -2.180249 0.831470 -0.555570
v -1.780249 0.831470 -0.555570
v -1.780249 0.707107 -0.707107
v -2.180249 0.707107 -0.707107
v -2.180249 0.555570 -0.831470
v -1.780249 0.555570 -0.831470
v -1.780249 0.382683 -0.923880
v -2.180249 0.382683 -0.923880
v -2.180249 0.195090 -0.980785
v -1.780249 0.195090 -0.980785
v -1.780249 -0.382683 -0.923880
v -2.180248 -0.382683 -0.923880
v -2.180248 -0.195090 -0.980785
v -2.180248 -0.000000 -1.000000
v -1.780249 0.923880 -0.382684
v -2.180249 0.923880 -0.382684
v -2.180249 0.980785 -0.195090
v -1.780249 1.000000 0.000000
v -1.780249 -0.707107 0.707107
v -2.180248 -0.707107 0.707107
v -2.180248 -0.831470 0.555570
v -1.780249 -0.923880 0.382683
v -1.780249 -0.707107 -0.707107
v -2.180248 -0.707107 -0.707107
v -2.180248 -0.555570 -0.831470
v -1.780249 -0.555570 -0.831470
v -2.180249 0.707107 -0.707107
v -1.780249 0.555570 -0.831470
v -2.180249 0.831470 -0.555570
v -1.780249 0.831470 -0.555570
v -1.780249 0.707107 0.707107
v -2.180249 0.707107 0.707107
v -2.180248 -0.555570 0.877675
v -1.780249 -0.555570 0.877675
v -1.780249 -0.923880 -0.382683
v -2.180248 -0.923880 -0.382683
v -2.180248 -0.831470 -0.555570
v -1.780249 -0.831470 -0.555570
v -1.780249 0.707107 -0.707107
v -1.780249 0.382683 -0.923880
v -2.180249 0.382683 -0.923880
v -2.180249 0.555570 -0.831470
v -1.780249 0.923880 0.382684
v -2.180249 0.923880 0.382684
v -2.180249 0.831470 0.555570
v -1.780249 0.831470 0.555570
v -1.780249 -1.000000 0.000000
v -2.180248 -1.000000 0.000000
v -2.180248 -0.980785 -0.195090
v -1.780249 -0.980785 -0.195090
v -2.180249 0.195090 -0.980785
v -1.780249 -0.195090 -0.980785
v -1.780249 0.000000 -1.000000
v -1.780249 0.195090 -0.980785
v -2.180249 1.000000 0.000000
v -1.780249 0.980785 -0.195090
v -2.180249 0.980785 0.195090
v -1.780249 0.980785 0.195090
v -2.180248 -0.923880 0.382683
v -1.780249 -0.831470 0.555570
v -2.180248 -0.980785 0.195090
v -1.780249 -0.980785 0.195090
v -1.780249 0.000000 -1.000000
v -2.180248 -0.000000 -1.000000
v -1.780249 -0.195090 -0.980785
v -2.180248 -0.195090 -0.980785
v -1.780249 -0.382683 -0.923880
v -2.180248 -0.382683 -0.923880
v -1.780249 -0.555570 -0.831470
v -2.180248 -0.555570 -0.831470
v -1.780249 -0.707107 -0.707107
v -2.180248 -0.707107 -0.707107
v -1.780249 -0.831470 -0.555570
v -2.180248 -0.831470 -0.555570
v -1.780249 -0.923880 -0.382683
v -2.180248 -0.923880 -0.382683
v -1.780249 -0.980785 -0.195090
v -2.180248 -0.980785 -0.195090
v -1.780249 -1.000000 0.000000
v -2.180248 -1.000000 0.000000
v -1.780249 -0.980785 0.195090
v -2.180248 -0.980785 0.195090
v -1.780249 -0.923880 0.382683
v -2.180248 -0.923880 0.382683
v -1.780249 -0.831470 0.555570
v -2.180248 -0.831470 0.555570
v -1.780249 -0.707107 0.707107
v -2.180248 -0.707107 0.707107
v -1.780249 -0.555570 0.877675
v -2.180248 -0.555570 0.877675
v -1.780249 0.707107 0.707107
v -2.180249 0.707107 0.707107
v -1.780249 0.831470 0.555570
v -2.180249 0.831470 0.555570
v -1.780249 0.923880 0.382684
v -2.180249 0.923880 0.382684
v -1.780249 0.980785 0.195090
v -2.180249 0.980785 0.195090
v -1.780249 1.000000 0.000000
v -2.180249 1.000000 0.000000
v -1.780249 0.980785 -0.195090
v -2.180249 0.980785 -0.195090
v -1.780249 0.923880 -0.382684
v -2.180249 0.923880 -0.382684
v -1.780249 0.831470 -0.555570
v -2.180249 0.831470 -0.555570
v -1.780249 0.707107 -0.707107
v -2.180249 0.707107 -0.707107
v -1.780249 0.555570 -0.831470
v -2.180249 0.555570 -0.831470
v -1.780249 0.382683 -0.923880
v -2.180249 0.382683 -0.923880
v -1.780249 0.195090 -0.980785
v -2.180249 0.195090 -0.980785
v -1.913582 -0.555570 0.877675
v -2.046915 -0.555570 0.877675
v -2.046915 -0.000000 -1.000000
v -1.913582 0.000000 -1.000000
v -1.913582 -0.195090 -0.980785
v -2.046915 -0.195090 -0.980785
v -1.913582 -0.382683 -0.923880
v -2.046915 -0.382683 -0.923880
v -1.913582 -0.555570 -0.831470
v -2.046915 -0.555570 -0.831470
v -1.913582 -0.707107 -0.707107
v -2.046915 -0.707107 -0.707107
v -1.913582 -0.831470 -0.555570
v -2.046915 -0.831470 -0.555570
v -1.913582 -0.923880 -0.382683
v -2.046915 -0.923880 -0.382683
v -1.913582 -0.980785 -0.195090
v -2.046915 -0.980785 -0.195090
v -1.913582 -1.000000 0.000000
v -2.046915 -1.000000 0.000000
v -1.913582 -0.980785 0.195090
v -2.046915 -0.980785 0.195090
v -1.913582 -0.923880 0.382683
v -2.046915 -0.923880 0.382683
v -1.913582 -0.831470 0.555570
v -2.046915 -0.831470 0.555570
v -1.913582 -0.707107 0.707107
v -2.046915 -0.707107 0.707107
v -1.913582 -0.555570 0.877675
v -2.046915 -0.555570 0.877675
v -1.913582 0.707107 0.707107
v -2.046915 0.707107 0.707107
v -1.913582 0.831470 0.555570
v -2.046915 0.831470 0.555570
v -1.913582 0.923880 0.382684
v -2.046915 0.923880 0.382684
v -1.913582 0.980785 0.195090
v -2.046915 0.980785 0.195090
v -1.913582 1.000000 0.000000
v -2.046915 1.000000 0.000000
v -1.913582 0.980785 -0.195090
v -2.046915 0.980785 -0.195090
v -1.913582 0.923880 -0.382684
v -2.046915 0.923880 -0.382684
v -1.913582 0.831470 -0.555570
v -2.046915 0.831470 -0.555570
v -1.913582 0.707107 -0.707107
v -2.046915 0.707107 -0.707107
v -1.913582 0.555570 -0.831470
v -2.046915 0.555570 -0.831470
v -1.913582 0.382683 -0.923880
v -2.046915 0.382683 -0.923880
v -1.913582 0.195090 -0.980785
v -2.046915 0.195090 -0.980785
v -2.046915 -0.000000 -1.000000
v -1.913582 0.000000 -1.000000
v -1.913582 -0.195090 -0.980785
v -2.046915 -0.195090 -0.980785
v -1.913582 -0.382683 -0.923880
v -2.046915 -0.382683 -0.923880
v -1.913582 -0.555570 -0.831470
v -2.046915 -0.555570 -0.831470
v -1.913582 -0.707107 -0.707107
v -2.046915 -0.707107 -0.707107
v -1.913582 -0.831470 -0.555570
v -2.046915 -0.831470 -0.555570
v -1.913582 -0.923880 -0.382683
v -2.046915 -0.923880 -0.382683
v -1.913582 -0.980785 -0.195090
v -2.046915 -0.980785 -0.195090
v -1.913582 -1.000000 0.000000
v -2.046915 -1.000000 0.000000
v -1.913582 -0.980785 0.195090
v -2.046915 -0.980785 0.195090
v -1.913582 -0.923880 0.382683
v -2.046915 -0.923880 0.382683
v -1.913582 -0.831470 0.555570
v -2.046915 -0.831470 0.555570
v -1.913582 -0.707107 0.707107
v -2.046915 -0.707107 0.707107
v -1.913582 -0.555570 0.877675
v -2.046915 -0.555570 0.877675
v -1.913582 0.707107 0.707107
v -2.046915 0.707107 0.707107
v -1.913582 0.831470 0.555570
v -2.046915 0.831470 0.555570
v -1.913582 0.923880 0.382684
v -2.046915 0.923880 0.382684
v -1.913582 0.980785 0.195090
v -2.046915 0.980785 0.195090
v -1.913582 1.000000 0.000000
v -2.046915 1.000000 0.000000
v -1.913582 0.980785 -0.195090
v -2.046915 0.980785 -0.195090
v -1.913582 0.923880 -0.382684
v -2.046915 0.923880 -0.382684
v -1.913582 0.831470 -0.555570
v -2.046915 0.831470 -0.555570
v -1.913582 0.707107 -0.707107
v -2.046915 0.707107 -0.707107
v -1.913582 0.555570 -0.831470
v -2.046915 0.555570 -0.831470
v -1.913582 0.382683 -0.923880
v -2.046915 0.382683 -0.923880
v -1.913582 0.195090 -0.980785
v -2.046915 0.195090 -0.980785
v -2.046915 -0.000000 -1.000000
v -1.913582 0.000000 -1.000000
v -1.913582 -0.195090 -0.980785
v -2.046915 -0.195090 -0.980785
v -1.913582 -0.382683 -0.923880
v -2.046915 -0.382683 -0.923880
v -1.913582 -0.555570 -0.831470
v -2.046915 -0.555570 -0.831470
v -1.913582 -0.707107 -0.707107
v -2.046915 -0.707107 -0.707107
v -1.913582 -0.831470 -0.555570
v -2.046915 -0.831470 -0.555570
v -1.913582 -0.923880 -0.382683
v -2.046915 -0.923880 -0.382683
v -1.913582 -0.980785 -0.195090
v -2.046915 -0.980785 -0.195090
v -1.913582 -1.000000 0.000000
v -2.046915 -1.000000 0.000000
v -1.913582 -0.980785 0.195090
v -2.046915 -0.980785 0.195090
v -1.913582 -0.923880 0.382683
v -2.046915 -0.923880 0.382683
v -1.913582 -0.831470 0.555570
v -2.046915 -0.831470 0.555570
v -1.913582 -0.707107 0.707107
v -2.046915 -0.707107 0.707107
v -1.913582 -0.555570 0.877675
v -2.046915 -0.555570 0.877675
v -1.913582 0.707107 0.707107
v -2.046915 0.707107 0.707107
v -1.913582 0.831470 0.555570
v -2.046915 0.831470 0.555570
v -1.913582 0.923880 0.382684
v -2.046915 0.923880 0.382684
v -1.913582 0.980785 0.195090
v -2.046915 0.980785 0.195090
v -1.913582 1.000000 0.000000
v -2.046915 1.000000 0.000000
v -1.913582 0.980785 -0.195090
v -2.046915 0.980785 -0.195090
v -1.913582 0.923880 -0.382684
v -2.046915 0.923880 -0.382684
v -1.913582 0.831470 -0.555570
v -2.046915 0.831470 -0.555570
v -1.913582 0.707107 -0.707107
v -2.046915 0.707107 -0.707107
v -1.913582 0.555570 -0.831470
v -2.046915 0.555570 -0.831470
v -1.913582 0.382683 -0.923880
v -2.046915 0.382683 -0.923880
v -1.913582 0.195090 -0.980785
v -2.046915 0.195090 -0.980785
v -2.046915 -0.195090 -0.980785
v -1.913582 -0.195090 -0.980785
v -1.913582 0.000000 -1.000000
v -2.046915 -0.000000 -1.000000
v -2.046915 0.980785 -0.195090
v -1.913582 0.980785 -0.195090
v -2.046915 0.980785 0.195090
v -1.913582 0.980785 0.195090
v -2.046915 -0.831470 0.555570
v -1.913582 -0.831470 0.555570
v -2.046915 -0.980785 0.195090
v -1.913582 -0.980785 0.195090
v -1.913582 -0.382683 -0.923880
v -2.046915 -0.382683 -0.923880
v -2.046915 -0.555570 -0.831470
v -1.913582 -0.555570 -0.831470
v -1.913582 0.707107 -0.707107
v -2.046915 0.707107 -0.707107
v -2.046915 0.831470 -0.555570
v -1.913582 0.831470 -0.555570
v -1.913582 -0.707107 0.707107
v -2.046915 -0.707107 0.707107
v -2.046915 -0.555570 0.877675
v -1.913582 -0.555570 0.877675
v -1.913582 -0.707107 -0.707107
v -2.046915 -0.707107 -0.707107
v -2.046915 -0.831470 -0.555570
v -1.913582 -0.831470 -0.555570
v -2.046915 0.555570 -0.831470
v -1.913582 0.555570 -0.831470
v -1.913582 0.707107 0.707107
v -2.046915 0.707107 0.707107
v -2.046915 0.831470 0.555570
v -1.913582 0.831470 0.555570
v -1.913582 -0.923880 -0.382683
v -2.046915 -0.923880 -0.382683
v -2.046915 -0.980785 -0.195090
v -1.913582 -0.980785 -0.195090
v -1.913582 1.000000 0.000000
v -2.046915 1.000000 0.000000
v -1.913582 0.923880 0.382684
v -2.046915 0.923880 0.382684
v -1.913582 -0.923880 0.382683
v -2.046915 -0.923880 0.382683
v -1.913582 -1.000000 0.000000
v -2.046915 -1.000000 0.000000
v -1.913582 0.000000 -1.000000
v -2.046915 -0.000000 -1.000000
v -2.046915 -0.195090 -0.980785
v -1.913582 -0.195090 -0.980785
v -1.913582 -0.382683 -0.923880
v -2.046915 -0.382683 -0.923880
v -2.046915 -0.555570 -0.831470
v -1.913582 -0.555570 -0.831470
v -1.913582 -0.707107 -0.707107
v -2.046915 -0.707107 -0.707107
v -2.046915 -0.831470 -0.555570
v -1.913582 -0.831470 -0.555570
v -1.913582 -0.923880 -0.382683
v -2.046915 -0.923880 -0.382683
v -2.046915 -0.980785 -0.195090
v -1.913582 -0.980785 -0.195090
v -1.913582 -1.000000 0.000000
v -2.046915 -1.000000 0.000000
v -2.046915 -0.980785 0.195090
v -1.913582 -0.980785 0.195090
v -1.913582 -0.923880 0.382683
v -2.046915 -0.923880 0.382683
v -2.046915 -0.831470 0.555570
v -1.913582 -0.831470 0.555570
v -1.913582 -0.707107 0.707107
v -2.046915 -0.707107 0.707107
v -2.046915 -0.555570 0.877675
v -1.913582 -0.555570 0.877675
v -1.913582 0.707107 0.707107
v -2.046915 0.707107 0.707107
v -2.046915 0.831470 0.555570
v -1.913582 0.831470 0.555570
v -1.913582 0.923880 0.382684
v -2.046915 0.923880 0.382684
v -2.046915 0.980785 0.195090
v -1.913582 0.980785 0.195090
v -1.913582 1.000000 0.000000
v -2.046915 1.000000 0.000000
v -2.046915 0.980785 -0.195090
v -1.913582 0.980785 -0.195090
v -1.913582 0.923880 -0.382684
v -2.046915 0.923880 -0.382684
v -2.046915 0.831470 -0.555570
v -1.913582 0.831470 -0.555570
v -1.913582 0.707107 -0.707107
v -2.046915 0.707107 -0.707107
v -2.046915 0.555570 -0.831470
v -1.913582 0.555570 -0.831470
v -1.913582 0.382683 -0.923880
v -2.046915 0.382683 -0.923880
v -2.046915 0.195090 -0.980785
v -1.913582 0.195090 -0.980785
v -2.046915 0.195090 -0.980785
v -1.913582 0.195090 -0.980785
v -1.913582 0.382683 -0.923880
v -2.046915 0.382683 -0.923880
v -1.913582 0.923880 -0.382684
v -2.046915 0.923880 -0.382684
v -2.046915 -0.000000 -1.000000
v -1.913582 0.000000 -1.000000
v -1.913582 -0.195090 -0.980785
v -2.046915 -0.195090 -0.980785
v -1.913582 -0.382683 -0.923880
v -2.046915 -0.382683 -0.923880
v -1.913582 -0.555570 -0.831470
v -2.046915 -0.555570 -0.831470
v -1.913582 -0.707107 -0.707107
v -2.046915 -0.707107 -0.707107
v -1.913582 -0.831470 -0.555570
v -2.046915 -0.831470 -0.555570
v -1.913582 -0.923880 -0.382683
v -2.046915 -0.923880 -0.382683
v -1.913582 -0.980785 -0.195090
v -2.046915 -0.980785 -0.195090
v -1.913582 -1.000000 0.000000
v -2.046915 -1.000000 0.000000
v -1.913582 -0.980785 0.195090
v -2.046915 -0.980785 0.195090
v -1.913582 -0.923880 0.382683
v -2.046915 -0.923880 0.382683
v -1.913582 -0.831470 0.555570
v -2.046915 -0.831470 0.555570
v -1.913582 -0.707107 0.707107
v -2.046915 -0.707107 0.707107
v -1.913582 0.555570 0.877675
v -2.046915 0.555570 0.877675
v -1.913582 0.707107 0.707107
v -2.046915 0.707107 0.707107
v -1.913582 0.831470 0.555570
v -2.046915 0.831470 0.555570
v -1.913582 0.923880 0.382684
v -2.046915 0.923880 0.382684
v -1.913582 0.980785 0.195090
v -2.046915 0.980785 0.195090
v -1.913582 1.000000 0.000000
v -2.046915 1.000000 0.000000
v -1.913582 0.980785 -0.195090
v -2.046915 0.980785 -0.195090
v -1.913582 0.923880 -0.382684
v -2.046915 0.923880 -0.382684
v -1.913582 0.831470 -0.555570
v -2.046915 0.831470 -0.555570
v -1.913582 0.707107 -0.707107
v -2.046915 0.707107 -0.707107
v -1.913582 0.555570 -0.831470
v -2.046915 0.555570 -0.831470
v -1.913582 0.382683 -0.923880
v -2.046915 0.382683 -0.923880
v -1.913582 0.195090 -0.980785
v -2.046915 0.195090 -0.980785
v -1.780249 0.000000 -0.971681
v -1.780249 -0.189560 -0.953011
v -1.780249 -0.371834 -0.897718
v -1.780249 -0.539820 -0.807928
v -1.780249 -0.687060 -0.687091
v -1.780249 -0.807898 -0.539851
v -1.780249 -0.897688 -0.371865
v -1.780249 -0.952980 -0.189590
v -1.780249 -0.971650 -0.000031
v -1.780249 -0.952980 0.189529
v -1.780249 -0.897688 0.371804
v -1.780249 -0.807898 0.539789
v -1.780249 -0.687053 0.687038
v -1.780249 -0.539835 0.852745
v -1.780249 -0.371853 0.852745
v -1.780249 -0.189544 0.952951
v -1.780249 0.000000 0.971619
v -1.780249 0.189544 0.952951
v -1.780249 0.371853 0.852745
v -1.780249 0.539836 0.852745
v -1.780249 0.687053 0.687038
v -1.780249 0.807897 0.539789
v -1.780249 0.897688 0.371804
v -1.780249 0.952980 0.189529
v -1.780249 0.971650 -0.000031
v -1.780249 0.952980 -0.189590
v -1.780249 0.897688 -0.371865
v -1.780249 0.807898 -0.539850
v -1.780249 0.687061 -0.687091
v -1.780249 0.539820 -0.807928
v -1.780249 0.371834 -0.897718
v -1.780249 0.189559 -0.953011
v -1.761748 -0.195090 -0.980785
v -1.761748 0.000000 -1.000000
v -1.761748 -0.382683 -0.923880
v -1.761747 -0.555570 -0.831470
v -1.761747 -0.707107 -0.707107
v -1.761747 -0.831470 -0.555570
v -1.761747 -0.923880 -0.382683
v -1.761747 -0.980785 -0.195090
v -1.761747 -1.000000 0.000000
v -1.761747 -0.980785 0.195090
v -1.761747 -0.923880 0.382683
v -1.761747 -0.831470 0.555570
v -1.761747 -0.707107 0.707107
v -1.761747 -0.555570 0.877675
v -1.761748 -0.382684 0.877675
v -1.761748 -0.195090 0.980785
v -1.761748 0.000000 1.000000
v -1.761748 0.195090 0.980785
v -1.761748 0.382683 0.877675
v -1.761748 0.555570 0.877675
v -1.761748 0.707107 0.707107
v -1.761748 0.831470 0.555570
v -1.761748 0.923880 0.382684
v -1.761748 0.980785 0.195090
v -1.761748 1.000000 0.000000
v -1.761748 0.980785 -0.195090
v -1.761748 0.923880 -0.382684
v -1.761748 0.831470 -0.555570
v -1.761748 0.707107 -0.707107
v -1.761748 0.555570 -0.831470
v -1.761748 0.382683 -0.923880
v -1.761748 0.195090 -0.980785
v -1.761748 -0.189560 -0.953011
v -1.761748 -0.371834 -0.897718
v -1.761747 -0.539820 -0.807928
v -1.761747 -0.687060 -0.687091
v -1.761747 -0.807898 -0.539851
v -1.761747 -0.897688 -0.371865
v -1.761747 -0.952980 -0.189590
v -1.761747 -0.971650 -0.000031
v -1.761747 -0.952980 0.189529
v -1.761747 -0.897688 0.371804
v -1.761747 -0.807898 0.539789
v -1.761747 -0.687053 0.687038
v -1.761747 -0.539835 0.852745
v -1.761748 -0.371853 0.852745
v -1.761748 -0.189544 0.952951
v -1.761748 0.000000 0.971619
v -1.761748 0.189544 0.952951
v -1.761748 0.371853 0.852745
v -1.761748 0.539836 0.852745
v -1.761748 0.687053 0.687038
v -1.761748 0.807897 0.539789
v -1.761748 0.897688 0.371804
v -1.761748 0.952980 0.189529
v -1.761748 0.971650 -0.000031
v -1.761748 0.952980 -0.189590
v -1.761748 0.897688 -0.371865
v -1.761748 0.807898 -0.539850
v -1.761748 0.687061 -0.687091
v -1.761748 0.539820 -0.807928
v -1.761748 0.371834 -0.897718
v -1.761748 0.189559 -0.953011
v -1.761748 0.000000 -0.971681
vt 1.769864 -2.436658
vt 1.211588 -3.481118
vt 1.211588 -3.481118
vt 1.769864 -2.436658
vt 12.299423 8.890700
vt 12.299423 13.086051
vt 11.512794 13.086051
vt 11.512794 8.890700
vt 7.971625 0.132197
vt 6.793025 0.248279
vt 6.793025 0.248279
vt 7.971625 0.132197
vt 10.726167 8.890700
vt 10.726167 13.086051
vt 9.939538 13.086051
vt 9.939538 8.890700
vt 6.793025 13.086051
vt 6.006397 13.086051
vt 6.006397 13.086051
vt 6.793025 13.086051
vt 9.152908 8.890700
vt 9.152910 13.086051
vt 8.366282 13.086051
vt 8.366282 8.890700
vt -12.086051 -12.086051
vt -12.086051 -12.086051
vt -12.086051 -12.086051
vt -12.086051 -12.086051
vt 7.579654 8.890700
vt 7.579654 13.086051
vt 6.793025 8.890700
vt 12.718247 -6.971626
vt 12.834331 -5.793025
vt 12.834331 -5.793025
vt 12.718247 -6.971626
vt 6.006397 8.890700
vt 5.219769 13.086051
vt 5.219769 8.890700
vt -12.086051 -12.086051
vt -12.086051 -12.086051
vt -12.086051 -12.086051
vt -12.086051 -12.086051
vt 4.433141 8.890700
vt 4.433141 13.086051
vt 3.646513 13.086051
vt 3.646513 8.890700
vt -12.086051 -12.086051
vt -12.086051 -12.086051
vt -12.086051 -12.086051
vt -12.086051 -12.086051
vt 2.073256 0.500000
vt 2.073256 13.086051
vt 1.286628 13.086051
vt 1.286628 0.500000
vt 0.500000 13.086051
vt 0.500000 0.500000
vt -0.286628 13.086051
vt -0.286628 0.500000
vt -1.073256 13.086051
vt -1.073256 0.500000
vt -1.859885 8.890700
vt -1.859885 13.086051
vt -2.646513 13.086051
vt -2.646513 8.890700
vt -5.793025 13.086051
vt -6.579654 13.086051
vt -6.579654 13.086051
vt -5.793025 13.086051
vt -3.433141 8.890700
vt -3.433141 13.086051
vt -4.219769 13.086051
vt -4.219769 8.890700
vt -12.086051 -12.086051
vt -12.086051 -12.086051
vt -12.086051 -12.086051
vt -12.086051 -12.086051
vt -5.006397 8.890700
vt -5.006397 13.086051
vt -5.793025 8.890700
vt 0.867803 -4.614425
vt 0.751721 -5.793025
vt 0.751721 -5.793025
vt 0.867803 -4.614425
vt -6.579654 8.890700
vt -7.366282 13.086051
vt -7.366282 8.890700
vt 7.579654 13.086051
vt 8.366282 13.086051
vt -8.152910 8.890700
vt -8.152910 13.086051
vt -8.939538 13.086051
vt -8.939538 8.890700
vt -12.086051 -12.086051
vt -12.086051 -12.086051
vt -12.086051 -12.086051
vt -12.086051 -12.086051
vt -9.726167 8.890700
vt -9.726167 13.086051
vt -10.512794 13.086051
vt -10.512794 8.890700
vt -4.219769 13.086051
vt -5.006397 13.086051
vt 12.718247 -4.614425
vt 12.374462 -3.481118
vt 12.374462 -3.481118
vt 12.718247 -4.614425
vt -11.299423 8.890700
vt -11.299423 13.086051
vt -12.086051 13.086051
vt -12.086051 8.890700
vt 9.104933 -0.211588
vt 10.149394 -0.769864
vt 11.064873 -1.521178
vt 11.816187 -2.436657
vt 12.374462 -8.104933
vt 11.816187 -9.149394
vt 11.064873 -10.064873
vt 10.149394 -10.816187
vt 9.104933 -11.374462
vt 7.971625 -11.718247
vt 6.793025 -11.834331
vt 5.614426 -11.718247
vt 4.481118 -11.374462
vt 3.436656 -10.816186
vt 2.521178 -10.064873
vt 1.769866 -9.149396
vt 1.211588 -8.104934
vt 0.867803 -6.971626
vt 2.521178 -1.521179
vt 3.436656 -0.769864
vt 4.481118 -0.211588
vt 5.614426 0.132197
vt 4.481118 -11.374462
vt 3.436656 -10.816186
vt 10.149394 -10.816187
vt 9.104933 -11.374462
vt -2.436657 -10.816187
vt -2.436657 -10.816187
vt -2.436657 -10.816187
vt -2.436657 -10.816187
vt 3.436656 -10.816186
vt 3.436656 -10.816186
vt 6.793025 13.086051
vt 7.579654 13.086051
vt 7.579654 13.086051
vt 6.793025 13.086051
vt 13.086051 13.086051
vt 13.086051 13.086051
vt 12.299423 13.086051
vt -11.299423 13.086051
vt -12.086051 13.086051
vt 3.436656 -10.816186
vt 4.481118 -11.374462
vt 2.073256 13.086051
vt 2.073256 0.500000
vt 6.006397 13.086051
vt 5.219769 13.086051
vt -9.149395 -10.816186
vt -8.104933 -11.374462
vt -8.104933 -11.374462
vt -9.149395 -10.816186
vt -8.152910 13.086051
vt -8.939538 13.086051
vt 9.152910 13.086051
vt 8.366282 13.086051
vt 1.286628 13.086051
vt -5.793025 13.086051
vt 11.512794 13.086051
vt 4.433141 13.086051
vt -1.859885 13.086051
vt -2.646513 13.086051
vt -9.726167 13.086051
vt 0.500000 13.086051
vt -6.579654 13.086051
vt 10.726167 13.086051
vt 3.646513 13.086051
vt -3.433141 13.086051
vt -10.512794 13.086051
vt -0.286628 13.086051
vt -7.366282 13.086051
vt 9.939538 13.086051
vt 2.859885 13.086051
vt 2.859885 13.086051
vt -1.073256 13.086051
vt 9.104933 -11.374462
vt 10.149394 -10.816187
vt -1.073256 0.500000
vt -3.481118 -11.374462
vt -2.436657 -10.816187
vt -2.436657 -10.816187
vt -3.481118 -11.374462
vt -10.512794 13.086051
vt -11.299423 13.086051
vt 3.436656 -10.816186
vt 4.481118 -11.374462
vt 6.006397 13.086051
vt -12.086051 13.086051
vt -8.104933 -11.374462
vt -9.149395 -10.816186
vt 5.219769 13.086051
vt -1.859885 13.086051
vt -2.646513 13.086051
vt 4.433141 13.086051
vt -3.433141 13.086051
vt 3.646513 13.086051
vt -4.219769 13.086051
vt 2.859885 13.086051
vt -5.006397 13.086051
vt 9.104933 -11.374462
vt 10.149394 -10.816187
vt 13.086051 13.086051
vt 12.299423 13.086051
vt -5.793025 13.086051
vt -2.436657 -10.816187
vt -3.481118 -11.374462
vt 11.512794 13.086051
vt -6.579654 13.086051
vt -12.086051 -12.086051
vt -12.086051 -12.086051
vt -12.086051 -12.086051
vt -12.086051 -12.086051
vt 10.726167 13.086051
vt -7.366282 13.086051
vt 2.073256 13.086051
vt 1.286628 13.086051
vt 9.939538 13.086051
vt -8.152910 13.086051
vt 0.500000 13.086051
vt 9.152910 13.086051
vt -8.939538 13.086051
vt -0.286628 13.086051
vt 8.366282 13.086051
vt -9.726167 13.086051
vt -1.073256 13.086051
vt -12.086051 -12.086051
vt -12.086051 -12.086051
vt -12.086051 -12.086051
vt -12.086051 -12.086051
vt -3.488383 -0.229128
vt -2.447205 -0.785649
vt -2.447205 -0.785649
vt -3.488383 -0.229128
vt 11.512794 13.086051
vt 10.726167 13.086051
vt -5.793025 13.086051
vt -6.579654 13.086051
vt -9.138848 -0.785650
vt -8.097667 -0.229126
vt -8.097667 -0.229126
vt -9.138848 -0.785650
vt -1.534602 -1.534602
vt -1.534602 -1.534602
vt 12.299423 13.086051
vt -5.006397 13.086051
vt -6.967922 0.113576
vt -6.967922 0.113576
vt -0.785650 -2.447203
vt -0.785650 -2.447203
vt 13.086051 13.086051
vt -4.219769 13.086051
vt -5.793025 0.229295
vt -5.793025 0.229295
vt -0.229129 -3.488383
vt -0.229129 -3.488383
vt -3.433141 13.086051
vt 0.113577 -4.618126
vt 0.113577 -4.618126
vt -2.646513 13.086051
vt 0.229295 -5.793021
vt 0.229295 -5.793021
vt -1.859885 13.086051
vt 0.113577 -6.967912
vt 0.113577 -6.967912
vt -8.104933 -11.374462
vt -9.149395 -10.816186
vt -0.229128 -8.097640
vt -0.229128 -8.097640
vt -0.785650 -9.138740
vt -0.785650 -9.138740
vt -1.535549 -10.051639
vt -1.535549 -10.051639
vt -0.286628 13.086051
vt -1.073256 13.086051
vt -2.445144 -10.802774
vt -2.445144 -10.802774
vt 0.500000 13.086051
vt -3.485968 -11.349463
vt -3.485968 -11.349463
vt 1.286628 13.086051
vt -4.620132 -11.700841
vt -4.620132 -11.700841
vt 2.073256 13.086051
vt -5.793025 -11.815618
vt -5.793025 -11.815618
vt -6.965919 -11.700841
vt -6.965919 -11.700841
vt -10.282130 -8.788930
vt -9.578697 -9.617135
vt -9.578696 -9.617134
vt -10.282130 -8.788930
vt -0.497764 -4.739656
vt -0.804998 -3.726881
vt -0.804997 -3.726881
vt -0.497764 -4.739656
vt -8.862248 -10.362391
vt -8.862248 -10.362391
vt -1.303919 -2.793487
vt -1.303919 -2.793487
vt -7.940838 -10.528616
vt -7.940838 -10.528615
vt -5.793025 -0.394032
vt -6.846318 -0.497774
vt -6.846317 -0.497773
vt -5.793025 -0.394032
vt -1.975354 -1.975352
vt -1.975353 -1.975352
vt -6.778563 -11.129324
vt -6.778563 -11.129324
vt -7.859134 -0.805006
vt -7.859134 -0.805005
vt -2.793501 -1.303924
vt -2.793501 -1.303924
vt -5.793025 -11.201242
vt -5.793026 -11.201242
vt -8.792551 -1.303924
vt -8.792551 -1.303924
vt -3.726916 -0.805006
vt -3.726916 -0.805006
vt -4.807489 -11.129324
vt -4.807488 -11.129324
vt -9.610697 -1.975353
vt -9.610697 -1.975353
vt -4.739732 -0.497776
vt -4.739732 -0.497776
vt -3.645212 -10.528615
vt -3.645212 -10.528616
vt -10.282131 -2.793487
vt -10.282131 -2.793487
vt -2.723803 -10.362391
vt -2.723802 -10.362391
vt -10.781053 -3.726882
vt -10.781053 -3.726882
vt -2.007354 -9.617134
vt -2.007353 -9.617134
vt -11.088286 -4.739655
vt -11.088286 -4.739656
vt -1.303920 -8.788928
vt -1.303920 -8.788928
vt -11.192027 -5.792868
vt -11.192027 -5.792868
vt -0.804999 -7.858199
vt -0.804998 -7.858198
vt -11.088286 -6.845965
vt -11.088286 -6.845965
vt -0.497765 -6.845966
vt -0.497765 -6.845966
vt -10.781053 -7.858200
vt -10.781053 -7.858200
vt -0.394025 -5.792868
vt -0.394025 -5.792868
vt 10.149394 -10.816187
vt 10.149394 -10.816187
vt 10.149394 -10.816187
vt 10.149394 -10.816187
vt -9.149395 -10.816186
vt -9.149395 -10.816186
vt -9.149395 -10.816186
vt -9.149395 -10.816186
vt 2.859885 13.086051
vt 2.859885 0.500000
vt 2.859885 0.500000
vt 2.859885 13.086051
vt 2.859885 0.500000
vt 2.859885 13.086051
vt 2.859885 13.086051
vt 2.859885 0.500000
vt -1.859885 0.500000
vt -1.859885 0.500000
vt -1.859885 0.500000
vt -1.859885 0.500000
vt -1.859885 13.086051
vt -1.859885 13.086051
vt -1.859885 13.086051
vt -1.859885 13.086051
vt -1.859885 0.500000
vt -1.859885 0.500000
vt 2.859885 13.086051
vt 2.859885 13.086051
vt -1.859885 13.086051
vt -1.859885 13.086051
vt 10.149394 -10.816187
vt 10.149394 -10.816187
vt -9.149395 -10.816186
vt -9.149395 -10.816186
vt 2.859885 0.500000
vt 2.859885 0.500000
vt 10.149394 -10.816187
vt 10.149394 -10.816187
vt 2.859885 0.500000
vt 2.859885 13.086051
vt 2.859885 13.086051
vt 2.859885 0.500000
vt -2.436657 -10.816187
vt -2.436657 -10.816187
vt -2.436657 -10.816187
vt -8.104933 -11.374462
vt -9.149395 -10.816186
vt -9.149395 -10.816186
vt -8.104933 -11.374462
vt -2.436657 -10.816187
vt -3.481118 -11.374462
vt -3.481118 -11.374462
vt -2.436657 -10.816187
vt -2.436657 -10.816187
vt -2.436657 -10.816187
vt -2.436657 -10.816187
vt -2.436657 -10.816187
vt -9.149395 -10.816186
vt -9.149395 -10.816186
vt -9.149395 -10.816186
vt -9.149395 -10.816186
vt -5.006397 4.695349
vt -5.006397 0.500000
vt -5.006397 0.500000
vt -5.006397 4.695349
vt 9.939538 8.890700
vt 9.939538 13.086051
vt 9.939538 13.086051
vt 9.939538 8.890700
vt -4.219769 13.086051
vt -5.006397 13.086051
vt -5.006397 13.086051
vt -4.219769 13.086051
vt 10.726167 4.695349
vt 10.726167 0.500000
vt 10.726167 0.500000
vt 10.726167 4.695349
vt 0.867803 -6.971626
vt 1.211588 -8.104934
vt 1.211588 -8.104934
vt 0.867803 -6.971626
vt 11.512794 13.086051
vt 10.726167 13.086051
vt 10.726167 13.086051
vt 11.512794 13.086051
vt -4.219769 8.890700
vt -4.219769 8.890700
vt 10.149394 -0.769864
vt 9.104933 -0.211588
vt 9.104933 -0.211588
vt 10.149394 -0.769864
vt -3.433141 4.695349
vt -3.433141 0.500000
vt -3.433141 0.500000
vt -3.433141 4.695349
vt 11.512794 8.890700
vt 11.512794 8.890700
vt -2.646513 13.086051
vt -3.433141 13.086051
vt -3.433141 13.086051
vt -2.646513 13.086051
vt 12.299423 4.695349
vt 12.299423 0.500000
vt 12.299423 0.500000
vt 12.299423 4.695349
vt 1.769866 -9.149396
vt 2.521178 -10.064873
vt 2.521178 -10.064873
vt 1.769866 -9.149396
vt -12.086051 -12.086051
vt -12.086051 -12.086051
vt -12.086051 -12.086051
vt -12.086051 -12.086051
vt 12.299423 13.086051
vt 13.086051 13.086051
vt -8.152910 13.086051
vt -7.366282 13.086051
vt -12.086051 -12.086051
vt -12.086051 -12.086051
vt -12.086051 -12.086051
vt -12.086051 -12.086051
vt -12.086051 -12.086051
vt -12.086051 -12.086051
vt -12.086051 -12.086051
vt -12.086051 -12.086051
vt -12.086051 -12.086051
vt -12.086051 -12.086051
vt -12.086051 -12.086051
vt -12.086051 -12.086051
vt -12.086051 -12.086051
vt -12.086051 -12.086051
vt -12.086051 -12.086051
vt -12.086051 -12.086051
vt 12.374462 -8.104933
vt 11.816187 -9.149394
vt -12.086051 -12.086051
vt -12.086051 -12.086051
vt -12.086051 -12.086051
vt -12.086051 -12.086051
vt 4.433141 13.086051
vt 5.219769 13.086051
vt -12.086051 -12.086051
vt -12.086051 -12.086051
vt -12.086051 -12.086051
vt -12.086051 -12.086051
vt 2.521178 -1.521179
vt 3.436656 -0.769864
vt -12.086051 -12.086051
vt -12.086051 -12.086051
vt -12.086051 -12.086051
vt -12.086051 -12.086051
vt -9.726167 13.086051
vt -8.939538 13.086051
vt -12.086051 -12.086051
vt -12.086051 -12.086051
vt -12.086051 -12.086051
vt -12.086051 -12.086051
vt -12.086051 -12.086051
vt -12.086051 -12.086051
vt -12.086051 -12.086051
vt -12.086051 -12.086051
vt -12.086051 -12.086051
vt -12.086051 -12.086051
vt -12.086051 -12.086051
vt -12.086051 -12.086051
vt -12.086051 -12.086051
vt -12.086051 -12.086051
vt -12.086051 -12.086051
vt -12.086051 -12.086051
vt -12.086051 -12.086051
vt -12.086051 -12.086051
vt -12.086051 -12.086051
vt -12.086051 -12.086051
vt 11.064873 -10.064873
vt 10.149394 -10.816187
vt -12.086051 -12.086051
vt -12.086051 -12.086051
vt -12.086051 -12.086051
vt -12.086051 -12.086051
vt 2.859885 13.086051
vt 3.646513 13.086051
vt -12.086051 -12.086051
vt -12.086051 -12.086051
vt -12.086051 -12.086051
vt -12.086051 -12.086051
vt 4.481118 -0.211588
vt 5.614426 0.132197
vt 11.064873 -1.521178
vt 11.816187 -2.436657
vt -11.299423 13.086051
vt -10.512794 13.086051
vt -12.086051 -12.086051
vt -12.086051 -12.086051
vt -12.086051 -12.086051
vt -12.086051 -12.086051
vt 9.152910 13.086051
vt -12.086051 -12.086051
vt -12.086051 -12.086051
vt -12.086051 -12.086051
vt -12.086051 -12.086051
vt -12.086051 -12.086051
vt -12.086051 -12.086051
vt -12.086051 -12.086051
vt -12.086051 -12.086051
vt -12.086051 -12.086051
vt -12.086051 -12.086051
vt -12.086051 -12.086051
vt -12.086051 -12.086051
vt -12.086051 -12.086051
vt -12.086051 -12.086051
vt -12.086051 -12.086051
vt -12.086051 -12.086051
vt -5.006397 0.500000
vt -5.006397 4.695349
vt 9.939538 13.086051
vt 9.939538 8.890700
vt -5.006397 13.086051
vt -4.219769 13.086051
vt 10.726167 0.500000
vt 10.726167 4.695349
vt 1.211588 -8.104934
vt 0.867803 -6.971626
vt 10.726167 13.086051
vt 11.512794 13.086051
vt -4.219769 8.890700
vt 9.104933 -0.211588
vt 10.149394 -0.769864
vt -3.433141 0.500000
vt -3.433141 4.695349
vt 11.512794 8.890700
vt -3.433141 13.086051
vt -2.646513 13.086051
vt 12.299423 0.500000
vt 12.299423 4.695349
vt 2.521178 -10.064873
vt 1.769866 -9.149396
vt 11.064873 -1.521178
vt 11.816187 -2.436657
vt -5.793025 8.890700
vt -5.793025 13.086051
vt -5.793025 8.890700
vt 9.152910 13.086051
vt 0.751721 -5.793025
vt 0.867803 -4.614425
vt 9.152910 4.695349
vt 9.152910 0.500000
vt 9.152910 0.500000
vt 9.152910 4.695349
vt -6.579654 13.086051
vt 8.366282 8.890700
vt 8.366282 13.086051
vt 8.366282 8.890700
vt -6.579654 4.695349
vt -6.579654 0.500000
vt -6.579654 0.500000
vt -6.579654 4.695349
vt 12.374462 -3.481118
vt 12.718247 -4.614425
vt -7.366282 8.890700
vt -7.366282 13.086051
vt -7.366282 8.890700
vt 7.579654 13.086051
vt 1.211588 -3.481118
vt 1.769864 -2.436658
vt 7.579654 4.695349
vt 7.579654 0.500000
vt 7.579654 0.500000
vt 7.579654 4.695349
vt -8.152910 13.086051
vt 6.793025 8.890700
vt 6.793025 13.086051
vt 6.793025 8.890700
vt -8.152910 4.695349
vt -8.152910 0.500000
vt -8.152910 0.500000
vt -8.152910 4.695349
vt 12.834331 -5.793025
vt 12.718247 -6.971626
vt -8.939538 8.890700
vt -8.939538 13.086051
vt -8.939538 8.890700
vt 6.006397 13.086051
vt 2.521178 -1.521179
vt 3.436656 -0.769864
vt 6.006397 4.695349
vt 6.006397 0.500000
vt 6.006397 0.500000
vt 6.006397 4.695349
vt -9.726167 13.086051
vt 5.219769 8.890700
vt 5.219769 13.086051
vt 5.219769 8.890700
vt -9.726167 4.695349
vt -9.726167 0.500000
vt -9.726167 0.500000
vt -9.726167 4.695349
vt 12.374462 -8.104933
vt 11.816187 -9.149394
vt -10.512794 8.890700
vt -10.512794 13.086051
vt -10.512794 8.890700
vt 4.433141 13.086051
vt 4.481118 -0.211588
vt 5.614426 0.132197
vt 4.433141 4.695349
vt 4.433141 0.500000
vt 4.433141 0.500000
vt 4.433141 4.695349
vt -11.299423 13.086051
vt 3.646513 8.890700
vt 3.646513 13.086051
vt 3.646513 8.890700
vt -11.299423 4.695349
vt -11.299423 0.500000
vt -11.299423 0.500000
vt -11.299423 4.695349
vt 11.064873 -10.064873
vt 10.149394 -10.816187
vt 2.859885 13.086051
vt 6.793025 0.248279
vt 7.971625 0.132197
vt 12.299423 13.086051
vt 13.086051 13.086051
vt -2.646513 8.890700
vt -2.646513 8.890700
vt -12.086051 8.890700
vt -12.086051 13.086051
vt -12.086051 13.086051
vt -12.086051 8.890700
vt 9.152910 0.500000
vt 9.939538 0.500000
vt 9.939538 0.500000
vt 9.152910 0.500000
vt -5.793025 13.086051
vt -6.579654 13.086051
vt -6.579654 13.086051
vt -5.793025 13.086051
vt 9.152908 4.695349
vt 9.152908 4.695349
vt -5.793025 8.890700
vt -5.793025 8.890700
vt 9.939538 13.086051
vt 9.152910 13.086051
vt 9.152910 13.086051
vt 9.939538 13.086051
vt -5.006397 0.500000
vt -4.219769 0.500000
vt -4.219769 0.500000
vt -5.006397 0.500000
vt 9.939538 8.890700
vt 9.939538 8.890700
vt -5.006397 4.695349
vt -5.006397 4.695349
vt 10.726167 0.500000
vt 11.512794 0.500000
vt 11.512794 0.500000
vt 10.726167 0.500000
vt -4.219769 13.086051
vt -5.006397 13.086051
vt -5.006397 13.086051
vt -4.219769 13.086051
vt 10.726167 4.695349
vt 10.726167 4.695349
vt -4.219769 8.890700
vt -4.219769 8.890700
vt 11.512794 13.086051
vt 10.726167 13.086051
vt 10.726167 13.086051
vt 11.512794 13.086051
vt 11.064873 -1.521178
vt 11.816187 -2.436657
vt -5.793025 13.086051
vt -5.793025 8.890700
vt 9.152910 13.086051
vt 0.751721 -5.793025
vt 0.867803 -4.614425
vt 9.152910 0.500000
vt 9.152910 4.695349
vt -6.579654 13.086051
vt 8.366282 13.086051
vt 8.366282 8.890700
vt -6.579654 0.500000
vt -6.579654 4.695349
vt 12.374462 -3.481118
vt 12.718247 -4.614425
vt -7.366282 13.086051
vt -7.366282 8.890700
vt 7.579654 13.086051
vt 1.211588 -3.481118
vt 1.769864 -2.436658
vt 7.579654 0.500000
vt 7.579654 4.695349
vt -8.152910 13.086051
vt 6.793025 13.086051
vt 6.793025 8.890700
vt -8.152910 0.500000
vt -8.152910 4.695349
vt 12.834331 -5.793025
vt 12.718247 -6.971626
vt -8.939538 13.086051
vt -8.939538 8.890700
vt 6.006397 13.086051
vt 2.521178 -1.521179
vt 3.436656 -0.769864
vt 6.006397 0.500000
vt 6.006397 4.695349
vt -9.726167 13.086051
vt 5.219769 13.086051
vt 5.219769 8.890700
vt -9.726167 0.500000
vt -9.726167 4.695349
vt 12.374462 -8.104933
vt 11.816187 -9.149394
vt -10.512794 13.086051
vt -10.512794 8.890700
vt 4.433141 13.086051
vt 4.481118 -0.211588
vt 5.614426 0.132197
vt 4.433141 0.500000
vt 4.433141 4.695349
vt -11.299423 13.086051
vt 3.646513 13.086051
vt 3.646513 8.890700
vt -11.299423 0.500000
vt -11.299423 4.695349
vt 11.064873 -10.064873
vt 10.149394 -10.816187
vt 2.859885 13.086051
vt 6.793025 0.248279
vt 7.971625 0.132197
vt 12.299423 13.086051
vt 13.086051 13.086051
vt -2.646513 8.890700
vt -12.086051 13.086051
vt -12.086051 8.890700
vt 13.086051 8.890700
vt 13.086051 13.086051
vt 12.299423 13.086051
vt 12.299423 8.890700
vt 13.086051 4.695349
vt 13.086051 4.695349
vt 13.086051 0.500000
vt 13.086051 0.500000
vt 12.299423 13.086051
vt 13.086051 13.086051
vt 12.299423 8.890700
vt 12.299423 8.890700
vt 12.299423 0.500000
vt 11.512794 8.890700
vt 10.726167 8.890700
vt 11.512794 4.695349
vt 11.512794 4.695349
vt 11.512794 0.500000
vt 10.726167 8.890700
vt 10.726167 8.890700
vt 9.152910 8.890700
vt 9.939538 4.695349
vt 9.939538 4.695349
vt 9.939538 0.500000
vt 9.152908 8.890700
vt 9.152910 8.890700
vt 8.366282 8.890700
vt 8.366282 13.086051
vt 7.579654 13.086051
vt 7.579654 8.890700
vt 8.366282 4.695349
vt 8.366282 4.695349
vt 8.366282 0.500000
vt 8.366282 0.500000
vt 7.579654 13.086051
vt 8.366282 13.086051
vt 7.579654 8.890700
vt 7.579654 8.890700
vt 7.579654 0.500000
vt 6.793025 8.890700
vt 6.793025 13.086051
vt 6.006397 13.086051
vt 6.006397 8.890700
vt 6.793025 4.695349
vt 6.793025 4.695349
vt 6.793025 0.500000
vt 6.793025 0.500000
vt 6.006397 13.086051
vt 6.793025 13.086051
vt 6.006397 8.890700
vt 6.006397 8.890700
vt 6.006397 0.500000
vt 5.219769 8.890700
vt 5.219769 13.086051
vt 4.433141 13.086051
vt 4.433141 8.890700
vt 5.219769 4.695349
vt 5.219769 4.695349
vt 5.219769 0.500000
vt 5.219769 0.500000
vt 4.433141 13.086051
vt 5.219769 13.086051
vt 4.433141 8.890700
vt 4.433141 8.890700
vt 4.433141 0.500000
vt 3.646513 8.890700
vt 3.646513 13.086051
vt 2.859885 13.086051
vt 2.859885 8.890700
vt 3.646513 4.695349
vt 3.646513 4.695349
vt 3.646513 0.500000
vt 3.646513 0.500000
vt 2.859885 13.086051
vt 3.646513 13.086051
vt 2.859885 8.890700
vt 2.859885 8.890700
vt 2.859885 0.500000
vt 2.859885 0.500000
vt -2.646513 8.890700
vt -2.646513 13.086051
vt -3.433141 13.086051
vt -3.433141 8.890700
vt -2.646513 4.695349
vt -2.646513 4.695349
vt -2.646513 0.500000
vt -2.646513 0.500000
vt -3.433141 13.086051
vt -2.646513 13.086051
vt -3.433141 8.890700
vt -3.433141 8.890700
vt -3.433141 0.500000
vt -5.006397 8.890700
vt -4.219769 4.695349
vt -4.219769 4.695349
vt -4.219769 0.500000
vt -5.006397 8.890700
vt -5.006397 8.890700
vt -6.579654 8.890700
vt -5.793025 4.695349
vt -5.793025 4.695349
vt -5.793025 0.500000
vt -5.793025 0.500000
vt -6.579654 8.890700
vt -6.579654 8.890700
vt -6.579654 0.500000
vt -7.366282 8.890700
vt -7.366282 13.086051
vt -8.152910 13.086051
vt -8.152910 8.890700
vt -7.366282 4.695349
vt -7.366282 4.695349
vt -7.366282 0.500000
vt -7.366282 0.500000
vt -8.152910 13.086051
vt -7.366282 13.086051
vt -8.152910 8.890700
vt -8.152910 8.890700
vt -8.152910 0.500000
vt -8.939538 8.890700
vt -8.939538 13.086051
vt -9.726167 13.086051
vt -9.726167 8.890700
vt -8.939538 4.695349
vt -8.939538 4.695349
vt -8.939538 0.500000
vt -8.939538 0.500000
vt -9.726167 13.086051
vt -8.939538 13.086051
vt -9.726167 8.890700
vt -9.726167 8.890700
vt -9.726167 0.500000
vt -10.512794 8.890700
vt -10.512794 13.086051
vt -11.299423 13.086051
vt -11.299423 8.890700
vt -10.512794 4.695349
vt -10.512794 4.695349
vt -10.512794 0.500000
vt -10.512794 0.500000
vt -11.299423 13.086051
vt -10.512794 13.086051
vt -11.299423 8.890700
vt -11.299423 8.890700
vt -11.299423 0.500000
vt -6.579654 4.695349
vt -6.579654 0.500000
vt -6.579654 4.695349
vt 8.366282 8.890700
vt -5.793025 0.500000
vt -7.366282 8.890700
vt 7.579654 4.695349
vt 7.579654 0.500000
vt 7.579654 4.695349
vt 8.366282 0.500000
vt -8.152910 4.695349
vt -8.152910 0.500000
vt -8.152910 4.695349
vt 6.793025 8.890700
vt -7.366282 0.500000
vt -8.939538 8.890700
vt 6.006397 4.695349
vt 6.006397 0.500000
vt 6.006397 4.695349
vt 6.793025 0.500000
vt -9.726167 4.695349
vt -9.726167 0.500000
vt -9.726167 4.695349
vt 5.219769 8.890700
vt -8.939538 0.500000
vt -10.512794 8.890700
vt 4.433141 4.695349
vt 4.433141 0.500000
vt 4.433141 4.695349
vt 5.219769 0.500000
vt -11.299423 4.695349
vt -11.299423 0.500000
vt -11.299423 4.695349
vt 3.646513 8.890700
vt -10.512794 0.500000
vt 2.859885 4.695349
vt 2.859885 0.500000
vt 2.859885 4.695349
vt 13.086051 8.890700
vt 3.646513 0.500000
vt -2.646513 8.890700
vt 12.299423 4.695349
vt 12.299423 0.500000
vt 12.299423 4.695349
vt 13.086051 0.500000
vt -3.433141 4.695349
vt -3.433141 0.500000
vt -3.433141 4.695349
vt 11.512794 8.890700
vt -2.646513 0.500000
vt 11.512794 4.695349
vt -2.646513 4.695349
vt 13.086051 4.695349
vt 3.646513 4.695349
vt -10.512794 4.695349
vt 5.219769 4.695349
vt -8.939538 4.695349
vt 6.793025 4.695349
vt -7.366282 4.695349
vt 8.366282 4.695349
vt -5.793025 4.695349
vt -4.219769 4.695349
vt 2.859885 4.695349
vt 9.939538 4.695349
vt 13.086051 8.890700
vt -12.086051 0.500000
vt -12.086051 4.695349
vt -12.086051 4.695349
vt -12.086051 0.500000
vt -2.646513 0.500000
vt -2.646513 4.695349
vt -11.299423 8.890700
vt 3.646513 0.500000
vt 3.646513 4.695349
vt 4.433141 8.890700
vt -10.512794 0.500000
vt -10.512794 4.695349
vt -9.726167 8.890700
vt 5.219769 0.500000
vt 5.219769 4.695349
vt 6.006397 8.890700
vt -8.939538 0.500000
vt -8.939538 4.695349
vt -8.152910 8.890700
vt 6.793025 0.500000
vt 6.793025 4.695349
vt 7.579654 8.890700
vt -7.366282 0.500000
vt -7.366282 4.695349
vt -6.579654 8.890700
vt 8.366282 0.500000
vt 8.366282 4.695349
vt 9.152908 8.890700
vt -5.793025 0.500000
vt -5.793025 4.695349
vt -12.086051 0.500000
vt -12.086051 4.695349
vt -2.646513 0.500000
vt -2.646513 4.695349
vt -11.299423 8.890700
vt 3.646513 0.500000
vt 3.646513 4.695349
vt 4.433141 8.890700
vt -10.512794 0.500000
vt -10.512794 4.695349
vt -9.726167 8.890700
vt 5.219769 0.500000
vt 5.219769 4.695349
vt 6.006397 8.890700
vt -8.939538 0.500000
vt -8.939538 4.695349
vt -8.152910 8.890700
vt 6.793025 0.500000
vt 6.793025 4.695349
vt 7.579654 8.890700
vt -7.366282 0.500000
vt -7.366282 4.695349
vt -6.579654 8.890700
vt 8.366282 0.500000
vt 8.366282 4.695349
vt 9.152908 8.890700
vt -5.793025 0.500000
vt -5.793025 4.695349
vt 12.299423 8.890700
vt 11.512794 0.500000
vt 11.512794 4.695349
vt -3.433141 8.890700
vt -4.219769 0.500000
vt -4.219769 4.695349
vt 10.726167 8.890700
vt 9.939538 0.500000
vt 9.939538 4.695349
vt -5.006397 8.890700
vt -12.086051 -12.086051
vt -12.086051 -12.086051
vt -12.086051 -12.086051
vt -12.086051 -12.086051
vt -12.086051 -12.086051
vt -12.086051 -12.086051
vt -12.086051 -12.086051
vt -12.086051 -12.086051
vt -12.086051 -12.086051
vt -12.086051 -12.086051
vt -12.086051 -12.086051
vt -12.086051 -12.086051
vt -12.086051 -12.086051
vt -12.086051 -12.086051
vt -12.086051 -12.086051
vt -12.086051 -12.086051
vt -12.086051 -12.086051
vt -12.086051 -12.086051
vt -12.086051 -12.086051
vt -12.086051 -12.086051
vt -12.086051 -12.086051
vt -12.086051 -12.086051
vt -12.086051 -12.086051
vt -12.086051 -12.086051
vt -12.086051 -12.086051
vt -12.086051 -12.086051
vt -12.086051 -12.086051
vt -12.086051 -12.086051
vt -12.086051 -12.086051
vt -12.086051 -12.086051
vt -12.086051 -12.086051
vt -12.086051 -12.086051
vt -12.086051 -12.086051
vt -12.086051 -12.086051
vt -12.086051 -12.086051
vt -12.086051 -12.086051
vt -12.086051 -12.086051
vt -12.086051 -12.086051
vt -12.086051 -12.086051
vt -12.086051 -12.086051
vt -12.086051 -12.086051
vt -12.086051 -12.086051
vt -12.086051 -12.086051
vt -12.086051 -12.086051
vt -12.086051 -12.086051
vt -12.086051 -12.086051
vt -12.086051 -12.086051
vt -12.086051 -12.086051
vt -12.086051 -12.086051
vt -12.086051 -12.086051
vt -12.086051 -12.086051
vt -12.086051 -12.086051
vt -12.086051 -12.086051
vt -12.086051 -12.086051
vt -12.086051 -12.086051
vt -12.086051 -12.086051
vt -12.086051 -12.086051
vt -12.086051 -12.086051
vt -12.086051 -12.086051
vt -12.086051 -12.086051
vt -12.086051 -12.086051
vt -12.086051 -12.086051
vt -12.086051 -12.086051
vt -12.086051 -12.086051
vt -12.086051 -12.086051
vt -12.086051 -12.086051
vt -12.086051 -12.086051
vt -12.086051 -12.086051
vt -12.086051 -12.086051
vt -12.086051 -12.086051
vt -12.086051 -12.086051
vt -12.086051 -12.086051
vt -12.086051 -12.086051
vt -12.086051 -12.086051
vt -12.086051 -12.086051
vt -12.086051 -12.086051
vt -12.086051 -12.086051
vt -12.086051 -12.086051
vt -12.086051 -12.086051
vt -12.086051 -12.086051
vt 12.299423 8.890700
vt 11.512794 0.500000
vt 11.512794 4.695349
vt -3.433141 8.890700
vt -4.219769 0.500000
vt -4.219769 4.695349
vt 10.726167 8.890700
vt 9.939538 0.500000
vt 9.939538 4.695349
vt -5.006397 8.890700
vt -11.299423 0.500000
vt -11.299423 4.695349
vt -12.086051 4.695349
vt -12.086051 0.500000
vt -9.726167 0.500000
vt -9.726167 4.695349
vt -10.512794 4.695349
vt -10.512794 0.500000
vt -12.086051 -12.086051
vt -12.086051 -12.086051
vt -12.086051 -12.086051
vt -12.086051 -12.086051
vt -8.152910 0.500000
vt -8.152910 4.695349
vt -8.939538 4.695349
vt -8.939538 0.500000
vt -6.579654 0.500000
vt -6.579654 4.695349
vt -7.366282 4.695349
vt -7.366282 0.500000
vt -5.006397 0.500000
vt -5.006397 4.695349
vt -5.793025 4.695349
vt -5.793025 0.500000
vt -12.086051 -12.086051
vt -12.086051 -12.086051
vt -12.086051 -12.086051
vt -12.086051 -12.086051
vt -3.433141 0.500000
vt -3.433141 4.695349
vt -4.219769 4.695349
vt -4.219769 0.500000
vt -1.859885 0.500000
vt -1.859885 4.695349
vt -2.646513 4.695349
vt -2.646513 0.500000
vt -12.086051 -12.086051
vt -12.086051 -12.086051
vt -12.086051 -12.086051
vt -12.086051 -12.086051
vt 4.433141 0.500000
vt 4.433141 4.695349
vt 3.646513 4.695349
vt 3.646513 0.500000
vt -12.086051 -12.086051
vt -12.086051 -12.086051
vt -12.086051 -12.086051
vt -12.086051 -12.086051
vt 6.006397 0.500000
vt 6.006397 4.695349
vt 5.219769 4.695349
vt 5.219769 0.500000
vt 7.579654 0.500000
vt 7.579654 4.695349
vt 6.793025 4.695349
vt 6.793025 0.500000
vt -12.086051 -12.086051
vt -12.086051 -12.086051
vt -12.086051 -12.086051
vt -12.086051 -12.086051
vt 9.152910 0.500000
vt 9.152910 4.695349
vt 8.366282 4.695349
vt 8.366282 0.500000
vt 10.726167 0.500000
vt 10.726167 4.695349
vt 9.939538 4.695349
vt 9.939538 0.500000
vt 12.299423 0.500000
vt 12.299423 4.695349
vt 11.512794 4.695349
vt 11.512794 0.500000
vt -10.051449 -1.534603
vt -10.800402 -2.447205
vt -11.356923 -3.488381
vt -11.699628 -4.618126
vt -11.815345 -5.793021
vt -11.699628 -6.967912
vt -11.356924 -8.097641
vt -10.800401 -9.138741
vt -10.050503 -10.051640
vt -9.140908 -10.802773
vt -8.100082 -11.349463
vt -4.618128 0.113578
vt -10.051449 -1.534603
vt -7.366282 13.086051
vt 9.939538 13.086051
vt -4.618128 0.113578
vt -10.800402 -2.447205
vt -8.152910 13.086051
vt 9.152910 13.086051
vt -11.356923 -3.488381
vt -8.939538 13.086051
vt 8.366282 13.086051
vt -11.699628 -4.618126
vt -9.726167 13.086051
vt 7.579654 13.086051
vt -11.815345 -5.793021
vt -10.512794 13.086051
vt 6.793025 13.086051
vt -11.699628 -6.967912
vt -11.299423 13.086051
vt 6.006397 13.086051
vt -11.356924 -8.097641
vt -12.086051 13.086051
vt 5.219769 13.086051
vt -10.800401 -9.138741
vt 4.433141 13.086051
vt -10.050503 -10.051640
vt 3.646513 13.086051
vt -9.140908 -10.802773
vt 2.859885 13.086051
vt -8.100082 -11.349463
vt -2.436657 -10.816187
vt -3.481118 -11.374462
vt 1.348751 0.996950
vt 1.348751 -48.198132
vt 1.348751 -48.198132
vt 1.348751 0.996950
vt -10.950020 -48.198132
vt -10.950020 -48.198132
vt -10.950020 -48.198132
vt -10.950020 -48.198132
vt -14.024714 0.996950
vt -14.024714 -48.198132
vt -10.950020 0.996950
vt 4.423444 -48.198132
vt 4.423444 0.996950
vt -14.024714 -48.198132
vt -42.517212 45.228516
vt -42.517212 45.228516
vt -42.517212 45.228516
vt -42.517212 45.228516
vt 32.915943 45.228516
vt 32.915943 45.228516
vt 32.915943 45.228516
vt 32.915943 45.228516
vt -10.950020 0.996950
vt 4.423444 0.996950
vt 4.423444 -48.198132
vt 4.423444 -48.198132
vt 4.423444 0.996950
vt -14.024714 0.996950
vt -14.024714 -48.198132
vt -14.024714 0.996950
vt -14.024714 -15.401407
vt -14.024714 -31.799767
vt -14.024714 -48.198132
vt -14.024714 -48.198132
vt -14.024714 0.996950
vt 4.423444 -48.198132
vt 4.423444 -31.799767
vt 4.423444 -15.401407
vt 4.423444 0.996950
vt 4.423444 0.996950
vt 4.423444 -48.198132
vt 6.677874 45.228516
vt 6.677874 45.228516
vt 6.677874 45.228516
vt 6.677874 45.228516
vt -42.517212 45.228516
vt -42.517212 45.228516
vt -42.517212 45.228516
vt -42.517212 45.228516
vt -16.279135 45.228516
vt -16.279135 45.228516
vt -16.279135 45.228516
vt -16.279135 45.228516
vt -14.024714 -48.198132
vt -14.024714 0.996950
vt -14.024714 0.996950
vt -14.024714 -48.198132
vt 6.677874 45.228516
vt 6.677874 45.228516
vt 6.677874 45.228516
vt 6.677874 45.228516
vt -14.024714 0.996950
vt -14.024714 -48.198132
vt -14.024714 -48.198132
vt -14.024714 0.996950
vt 6.677874 45.228516
vt 6.677874 45.228516
vt 4.423444 0.996950
vt 4.423444 -48.198132
vt 32.915943 45.228516
vt 32.915943 45.228516
vt -16.279135 45.228516
vt -16.279135 45.228516
vt -14.024714 0.996950
vt -14.024714 -48.198132
vt -14.024714 -48.198132
vt -14.024714 0.996950
vt 4.423444 -48.198132
vt 4.423444 0.996950
vt 4.423444 0.996950
vt 4.423444 -48.198132
vt -42.517212 45.228516
vt -42.517212 45.228516
vt 32.915943 45.228516
vt 32.915943 45.228516
vt 28.833458 47.410648
vt 32.915943 45.228516
vt 32.915943 45.228516
vt 28.833458 47.410648
vt 6.677874 45.228516
vt 10.760359 47.410648
vt 10.760359 47.410648
vt 6.677874 45.228516
vt 32.915943 45.228516
vt 28.833458 47.410648
vt 28.833458 47.410648
vt 32.915943 45.228516
vt 1.348751 -48.198132
vt 1.348751 -48.198132
vt 4.423444 -48.198132
vt 1.348751 -48.198132
vt 1.348751 -48.198132
vt 1.348751 -48.198132
vt 1.348751 -48.198132
vt 6.677874 45.228516
vt 10.760359 47.410648
vt 10.760359 47.410648
vt 6.677874 45.228516
vt 28.833458 47.410648
vt 32.915943 45.228516
vt -10.950020 -48.198132
vt -10.950020 -48.198132
vt -10.950020 -48.198132
vt -10.950020 -48.198132
vt 32.915943 45.228516
vt 32.915943 45.228516
vt 32.915943 45.228516
vt 32.915943 45.228516
vt 10.760359 47.410652
vt 6.677874 45.228516
vt 32.915943 45.228516
vt 6.677874 45.228516
vt 32.915943 45.228516
vt 32.915943 45.228516
vt 6.677874 45.228516
vt 6.677874 45.228516
vt 6.677874 45.228516
vt 6.677874 45.228516
vt 6.677874 45.228516
vt 6.677874 45.228516
vt 6.677874 45.228516
vt 6.677874 45.228516
vt 6.677874 45.228516
vt 6.677874 45.228516
vt 6.677876 45.228516
vt 6.677874 45.228516
vt 6.677874 45.228516
vt 6.677874 45.228516
vt 6.677874 45.228516
vt 6.677874 45.228516
vt 6.677874 45.228516
vt 6.677874 45.228516
vt 6.677874 45.228516
vt 6.677874 45.228516
vt 32.915943 45.228516
vt 32.915943 45.228516
vt 6.677874 45.228516
vt 6.677874 45.228516
vt 6.677874 45.228516
vt 32.915943 45.228516
vt 32.915943 45.228516
vt 6.677874 45.228516
vt 6.677874 45.228516
vt 6.677870 45.228516
vt 6.677874 45.228516
vt 6.677874 45.228516
vt 6.677874 45.228516
vt 6.677874 45.228516
vt 6.677874 45.228516
vt 6.677874 45.228516
vt 6.677870 45.228516
vt 6.677876 45.228516
vt 6.677874 45.228516
vt 6.677874 45.228516
vt 6.677874 45.228516
vt 6.677874 45.228516
vt 6.677874 45.228516
vt 6.677876 45.228516
vt 6.677874 45.228516
vt 6.677874 45.228516
vt 6.677874 45.228516
vt 6.677874 45.228516
vt 6.677874 45.228516
vt 6.677876 45.228516
vt 6.677874 45.228516
vt 6.677870 45.228516
vt 6.677870 45.228516
vt 6.677876 45.228516
vt 6.677874 45.228516
vt 6.677874 45.228516
vt 6.677874 45.228516
vt 6.677874 45.228516
vt 6.677870 45.228516
vt 6.677874 45.228516
vt 6.677870 45.228516
vt 6.677874 45.228516
vt 6.677874 45.228516
vt 6.677874 45.228516
vt 6.677874 45.228516
vt 6.677874 45.228516
vt 6.677876 45.228516
vt 6.677874 45.228516
vt 6.677874 45.228516
vt 6.677870 45.228516
vt 6.677874 45.228516
vt 6.677874 45.228516
vt 6.677874 45.228516
vt 6.677874 45.228516
vt 6.677874 45.228516
vt 6.677874 45.228516
vt 6.677874 45.228516
vt 6.677874 45.228516
vt 6.677874 45.228516
vt 6.677874 45.228516
vt 6.677874 45.228516
vt 6.677874 45.228516
vt 6.677874 45.228516
vt 6.677874 45.228516
vt 32.915943 45.228516
vt 32.915943 45.228516
vt 32.915943 45.228516
vt 32.915943 45.228516
vt 32.915943 45.228516
vt 32.915943 45.228516
vt 32.915943 45.228516
vt 32.915943 45.228516
vt 32.915943 45.228516
vt 32.915943 45.228516
vt 32.915943 45.228516
vt 32.915943 45.228516
vt 32.915943 45.228516
vt 6.677874 45.228516
vt 6.677876 45.228516
vt 6.677876 45.228516
vt 6.677874 45.228516
vt 6.677874 45.228516
vt 6.677874 45.228516
vt 6.677874 45.228516
vt 6.677876 45.228516
vt 6.677874 45.228516
vt 6.677874 45.228516
vt 32.915943 45.228516
vt 32.915943 45.228516
vt 32.915943 45.228516
vt 32.915943 45.228516
vt 32.915943 45.228516
vt 32.915943 45.228516
vt 32.915943 45.228516
vt 32.915943 45.228516
vt 32.915943 45.228516
vt 32.915943 45.228516
vt 32.915943 45.228516
vt 32.915943 45.228516
vt 32.915943 45.228516
vt 32.915943 45.228516
vt 32.915943 45.228516
vt 32.915943 45.228516
vt 32.915943 45.228516
vt 32.915943 45.228516
vt 32.915943 45.228516
vt 32.915943 45.228516
vt 32.915943 45.228516
vt 32.915943 45.228516
vt 32.915943 45.228516
vt 32.915943 45.228516
vt 32.915943 45.228516
vt 32.915943 45.228516
vt 32.915943 45.228516
vt 32.915943 45.228516
vt 32.915943 45.228516
vt 32.915943 45.228516
vt 32.915943 45.228516
vt 32.915943 45.228516
vt 32.915943 45.228516
vt 32.915943 45.228516
vt 32.915943 45.228516
vt 32.915943 45.228516
vt 32.915943 45.228516
vt 32.915943 45.228516
vt 32.915943 45.228516
vt 32.915943 45.228516
vt 32.915943 45.228516
vt 32.915943 45.228516
vt 32.915943 45.228516
vt 32.915943 45.228516
vt 32.915943 45.228516
vt 32.915943 45.228516
vt 32.915943 45.228516
vt 32.915943 45.228516
vt 32.915943 45.228516
vt 32.915943 45.228516
vt 32.915943 45.228516
vt 32.915943 45.228516
vt 32.915943 45.228516
vt 32.915943 45.228516
vt 32.915943 45.228516
vt 32.915943 45.228516
vt 32.915943 45.228516
vt 32.915943 45.228516
vt 32.915943 45.228516
vt 32.915943 45.228516
vt 32.915943 45.228516
vt 32.915943 45.228516
vt 32.915943 45.228516
vt 32.915943 45.228516
vt 32.915943 45.228516
vt 32.915943 45.228516
vt 32.915943 45.228516
vt 32.915943 45.228516
vt 32.915943 45.228516
vt 32.915943 45.228516
vt 32.915943 45.228516
vt 32.915943 45.228516
vt 32.915943 45.228516
vt 32.915943 45.228516
vt 32.915943 45.228516
vt 32.915943 45.228516
vt 32.915943 45.228516
vt 6.677874 45.228516
vt 6.677874 45.228516
vt 6.677870 45.228516
vt 6.677876 45.228516
vt 6.677874 45.228516
vt 6.677876 45.228516
vt 6.677874 45.228516
vt 6.677874 45.228516
vt 6.677868 45.228516
vt 6.677874 45.228516
vt 6.677876 45.228516
vt 6.677874 45.228516
vt 6.677874 45.228516
vt 6.677874 45.228516
vt 6.677874 45.228516
vt 6.677874 45.228516
vt 6.677874 45.228516
vt 6.677874 45.228516
vt 6.677876 45.228516
vt 6.677874 45.228516
vt 6.677874 45.228516
vt 6.677874 45.228516
vt 6.677874 45.228516
vt 6.677874 45.228516
vt 6.677874 45.228516
vt 6.677874 45.228516
vt 6.677874 45.228516
vt 6.677874 45.228516
vt 6.677870 45.228516
vt 6.677874 45.228516
vt 6.677876 45.228516
vt 6.677874 45.228516
vt 6.677874 45.228516
vt 6.677874 45.228516
vt 6.677874 45.228516
vt 6.677874 45.228516
vt 6.677870 45.228516
vt 6.677874 45.228516
vt 6.677874 45.228516
vt 6.677874 45.228516
vt 6.677874 45.228516
vt 6.677876 45.228516
vt 6.677874 45.228516
vt 6.677870 45.228516
vt 6.677874 45.228516
vt 6.677874 45.228516
vt 6.677874 45.228516
vt 6.677870 45.228516
vt 6.677874 45.228516
vt 6.677874 45.228516
vt 6.677874 45.228516
vt 6.677874 45.228516
vt 6.677870 45.228516
vt 6.677870 45.228516
vt 6.677874 45.228516
vt 6.677874 45.228516
vt 6.677870 45.228516
vt 6.677874 45.228516
vt 6.677874 45.228516
vt 6.677876 45.228516
vt 6.677870 45.228516
vt 6.677876 45.228516
vt 6.677874 45.228516
vt 6.677874 45.228516
vt 6.677874 45.228516
vt 6.677874 45.228516
vt 6.677874 45.228516
vt 6.677874 45.228516
vt 6.677874 45.228516
vt 6.677874 45.228516
vt 6.677874 45.228516
vt 6.677874 45.228516
vt 6.677874 45.228516
vt 6.677874 45.228516
vt 6.677876 45.228516
vt 6.677874 45.228516
vt 6.677874 45.228516
vt 6.677870 45.228516
vt 6.677874 45.228516
vt 6.677874 45.228516
vt 6.677874 45.228516
vt 6.677870 45.228516
vt 6.677874 45.228516
vt 6.677874 45.228516
vt 6.677874 45.228516
vt 6.677874 45.228516
vt 6.677870 45.228516
vt 6.677874 45.228516
vt 6.677874 45.228516
vt 6.677870 45.228516
vt 6.677876 45.228516
vt 6.677874 45.228516
vt 6.677868 45.228516
vt 6.677874 45.228516
vt 6.677874 45.228516
vt 6.677874 45.228516
vt 6.677874 45.228516
vt 6.677874 45.228516
vt 6.677874 45.228516
vt 6.677870 45.228516
vt 6.677870 45.228516
vt 6.677874 45.228516
vt 6.677874 45.228516
vt 6.677874 45.228516
vt 6.677874 45.228516
vt 6.677874 45.228516
vt 6.677874 45.228516
vt 6.677874 45.228516
vt 6.677874 45.228516
vt 6.677874 45.228516
vt 6.677874 45.228516
vt 6.677874 45.228516
vt 6.677874 45.228516
vt 6.677874 45.228516
vt 6.677874 45.228516
vt 6.677874 45.228516
vt 6.677874 45.228516
vt 6.677874 45.228516
vt 6.677870 45.228516
vt 6.677874 45.228516
vt 6.677874 45.228516
vt 6.677874 45.228516
vt 6.677874 45.228516
vt 6.677870 45.228516
vt 6.677874 45.228516
vt 6.677874 45.228516
vt 6.677876 45.228516
vt 6.677874 45.228516
vt 6.677874 45.228516
vt 6.677874 45.228516
vt 6.677874 45.228516
vt 6.677874 45.228516
vt 6.677874 45.228516
vt 6.677870 45.228516
vt 6.677874 45.228516
vt 6.677874 45.228516
vt 6.677874 45.228516
vt 6.677874 45.228516
vt 32.915943 45.228516
vt 32.915943 45.228516
vt 32.915943 45.228516
vt 32.915943 45.228516
vt 32.915943 45.228516
vt 32.915943 45.228516
vt 32.915943 45.228516
vt 32.915943 45.228516
vt 32.915943 45.228516
vt 32.915943 45.228516
vt 32.915943 45.228516
vt 32.915943 45.228516
vt 32.915943 45.228516
vt 32.915943 45.228516
vt 32.915943 45.228516
vt 32.915943 45.228516
vt 32.915943 45.228516
vt 32.915943 45.228516
vt 32.915943 45.228516
vt 32.915943 45.228516
vt 32.915943 45.228516
vt 32.915943 45.228516
vt 32.915943 45.228516
vt 32.915943 45.228516
vt 32.915943 45.228516
vt 32.915943 45.228516
vt 32.915943 45.228516
vt 32.915943 45.228516
vt 32.915943 45.228516
vt 32.915943 45.228516
vt 32.915943 45.228516
vt 32.915943 45.228516
vt 32.915943 45.228516
vt 32.915943 45.228516
vt 32.915943 45.228516
vt 32.915943 45.228516
vt 32.915943 45.228516
vt 32.915943 45.228516
vt 32.915943 45.228516
vt 32.915943 45.228516
vt 32.915943 45.228516
vt 32.915943 45.228516
vt 32.915943 45.228516
vt 32.915943 45.228516
vt 32.915943 45.228516
vt 32.915943 45.228516
vt 32.915943 45.228516
vt 32.915943 45.228516
vt 32.915943 45.228516
vt 32.915943 45.228516
vt 32.915943 45.228516
vt 32.915943 45.228516
vt 32.915943 45.228516
vt 32.915943 45.228516
vt 32.915943 45.228516
vt 32.915943 45.228516
vt 32.915943 45.228516
vt 32.915943 45.228516
vt 32.915943 45.228516
vt 32.915943 45.228516
vt 32.915943 45.228516
vt 32.915943 45.228516
vt 32.915943 45.228516
vt 32.915943 45.228516
vt 32.915943 45.228516
vt 32.915943 45.228516
vt 32.915943 45.228516
vt 32.915943 45.228516
vt 32.915943 45.228516
vt 32.915943 45.228516
vt 32.915943 45.228516
vt 32.915943 45.228516
vt 32.915943 45.228516
vt 32.915943 45.228516
vt 32.915943 45.228516
vt 32.915943 45.228516
vt 32.915943 45.228516
vt 32.915943 45.228516
vt 32.915943 45.228516
vt 32.915943 45.228516
vt 32.915943 45.228516
vt 32.915943 45.228516
vt 32.915943 45.228516
vt 32.915943 45.228516
vt 32.915943 45.228516
vt 32.915943 45.228516
vt 32.915943 45.228516
vt 32.915943 45.228516
vt 32.915943 45.228516
vt 32.915943 45.228516
vt 32.915943 45.228516
vt 32.915943 45.228516
vt 32.915943 45.228516
vt 32.915943 45.228516
vt 32.915943 45.228516
vt 32.915943 45.228516
vt 32.915943 45.228516
vt 32.915943 45.228516
vt 32.915943 45.228516
vt 32.915943 45.228516
vt 32.915943 45.228516
vt 32.915943 45.228516
vt 32.915943 45.228516
vt 32.915943 45.228516
vt 32.915943 45.228516
vt 32.915943 45.228516
vt 32.915943 45.228516
vt 32.915943 45.228516
vt 32.915943 45.228516
vt 32.915943 45.228516
vt 32.915943 45.228516
vt 32.915943 45.228516
vt 32.915943 45.228516
vt 32.915943 45.228516
vt 32.915943 45.228516
vt 32.915943 45.228516
vt 32.915943 45.228516
vt 32.915943 45.228516
vt 32.915943 45.228516
vt 32.915943 45.228516
vt 32.915943 45.228516
vt 32.915943 45.228516
vt 32.915943 45.228516
vt 32.915943 45.228516
vt 32.915943 45.228516
vt 32.915943 45.228516
vt 32.915943 45.228516
vt 32.915943 45.228516
vt -14.024714 0.996950
vt -14.024714 -15.401407
vt -14.024714 0.996950
vt -14.024714 -15.401407
vt -14.024714 0.996950
vt -14.024714 -15.401407
vt -14.024714 -48.198132
vt -14.024714 -31.799767
vt -14.024714 -31.799767
vt -14.024714 -48.198132
vt -14.024714 -48.198132
vt -14.024714 -31.799767
vt 19.796909 2.055055
vt 15.204588 2.507358
vt 15.190115 2.434582
vt 19.796909 1.980851
vt 10.788755 3.846891
vt 10.760359 3.778335
vt 6.719101 6.022165
vt 6.677874 5.960467
vt 3.152012 8.949595
vt 3.099542 8.897127
vt 0.224583 12.516680
vt 0.162882 12.475458
vt -1.950690 16.586338
vt -2.019249 16.557945
vt -3.290224 21.002163
vt -3.363002 20.987698
vt -3.742529 25.594475
vt -3.816734 25.594490
vt -3.290224 30.186768
vt -3.363002 30.201286
vt -1.950693 34.602539
vt -2.019252 34.631042
vt 0.224583 38.671883
vt 0.162882 38.713528
vt 3.155713 42.240131
vt 3.099542 42.291859
vt 6.711049 45.176094
vt 6.677874 45.228516
vt 10.779312 47.312931
vt 10.760359 47.410648
vt 15.212421 48.686367
vt 15.190115 48.754402
vt 19.796909 49.134987
vt 19.796909 49.208134
vt 24.381395 48.686367
vt 24.403700 48.754402
vt 28.814497 47.312931
vt 28.833458 47.410648
vt 32.882771 45.176090
vt 32.915943 45.228516
vt 36.438103 42.240135
vt 36.494274 42.291859
vt 39.369232 38.671890
vt 39.430931 38.713531
vt 41.544510 34.602543
vt 41.613071 34.631046
vt 42.884037 30.186768
vt 42.956814 30.201286
vt 43.336342 25.594475
vt 43.410545 25.594490
vt 42.884037 21.002163
vt 42.956814 20.987698
vt 41.544506 16.586334
vt 41.613064 16.557941
vt 39.369232 12.516685
vt 39.430939 12.475460
vt 36.441807 8.949599
vt 36.494274 8.897129
vt 32.874714 6.022167
vt 32.915943 5.960467
vt 28.805058 3.846885
vt 28.833458 3.778332
vt 24.389227 2.507367
vt 24.403700 2.434582
vt 0.383337 0.050447
vt 0.383337 0.050447
vt 0.383337 0.050447
vt 0.383337 0.050447
vt 0.383337 0.050447
vt 0.383337 0.050447
vt 0.383337 0.050447
vt 0.383337 0.050447
vt 0.383337 0.050447
vt 0.383337 0.050447
vt 0.383337 0.050447
vt 0.383337 0.050447
vt 0.383337 0.050447
vt 0.383337 0.050447
vt 0.383337 0.050447
vt 0.383337 0.050447
vt 0.383337 0.050447
vt 0.383337 0.050447
vt 0.383337 0.050447
vt 0.383337 0.050447
vt 0.383337 0.050447
vt 0.383337 0.050447
vt 0.383337 0.050447
vt 0.383337 0.050447
vt 0.116663 0.050447
vt 0.116663 0.050447
vt 0.116663 0.050447
vt 0.116663 0.050447
vt 0.383337 0.050447
vt 0.383337 0.050447
vt 0.383337 0.050447
vt 0.383337 0.050447
vt 0.383337 0.050447
vt 0.383337 0.050447
vt 0.383337 0.050447
vt 0.383337 0.050447
vt 0.116663 0.050447
vt 0.116663 0.050447
vt 0.116663 0.050447
vt 0.116663 0.050447
vt 0.383337 0.050447
vt 0.383337 0.050447
vt 0.383337 0.050447
vt 0.383337 0.050447
vt 0.383337 0.050447
vt 0.383337 0.050447
vt 0.383337 0.050447
vt 0.383337 0.050447
vt 0.383337 0.050447
vt 0.383337 0.050447
vt 0.383337 0.050447
vt 0.383337 0.050447
vt 0.383337 0.050447
vt 0.383337 0.050447
vt 0.383337 0.050447
vt 0.383337 0.050447
vt 0.383337 0.050447
vt 0.383337 0.050447
vt 0.383337 0.050447
vt 0.383337 0.050447
vt 0.116663 0.050447
vt 0.116663 0.050447
vt 0.116663 0.050447
vt 0.116663 0.050447
vt 0.116663 0.050447
vt 0.116663 0.050447
vt 0.116663 0.050447
vt 0.116663 0.050447
vt 0.116663 0.050447
vt 0.116663 0.050447
vt 0.116663 0.050447
vt 0.116663 0.050447
vt 0.116663 0.050447
vt 0.116663 0.050447
vt 0.116663 0.050447
vt 0.116663 0.050447
vt 0.116663 0.050447
vt 0.116663 0.050447
vt 0.116663 0.050447
vt 0.116663 0.050447
vt 0.116663 0.050447
vt 0.116663 0.050447
vt 0.116663 0.050447
vt 0.116663 0.050447
vt 0.116663 0.050447
vt 0.116663 0.050447
vt 0.116663 0.050447
vt 0.116663 0.050447
vt 0.116663 0.050447
vt 0.116663 0.050447
vt 0.116663 0.050447
vt 0.116663 0.050447
vt 0.116663 0.050447
vt 0.116663 0.050447
vt 0.116663 0.050447
vt 0.116663 0.050447
vt 0.116663 0.050447
vt 0.116663 0.050447
vt 0.116663 0.050447
vt 0.116663 0.050447
vt 0.116663 0.050447
vt 0.116663 0.050447
vt 0.116663 0.050447
vt 0.116663 0.050447
vt 0.116663 0.050447
vt 0.116663 0.050447
vt 0.116663 0.050447
vt 0.116663 0.050447
vt 0.116663 0.050447
vt 0.116663 0.050447
vt 0.383337 0.050447
vt 0.383337 0.050447
vt 0.116663 0.050447
vt 0.116663 0.050447
vt 0.116663 0.050447
vt 0.383337 0.050447
vt 0.383337 0.050447
vt 0.116663 0.050447
vt 0.116663 0.050447
vt 0.383337 0.050447
vt 0.383337 0.050447
vt 0.116663 0.050447
vt 0.116663 0.050447
vt 0.116663 0.050447
vt 0.116663 0.050447
vt 0.116663 0.050447
vt 0.116663 0.050447
vt 0.116663 0.050447
vt 0.383337 0.050447
vt 0.383337 0.050447
vt 0.383337 0.050447
vt 0.383337 0.050447
vt 0.383337 0.050447
vt 0.383337 0.050447
vt 0.383337 0.050447
vt 0.383337 0.050447
vt 0.383337 0.050447
vt 0.116663 0.050447
vt 0.116663 0.050447
vt 0.116663 0.050447
vt 0.116663 0.050447
vt 0.383337 0.050447
vt 0.383337 0.050447
vt 0.383337 0.050447
vt 0.116663 0.050447
vt 0.116663 0.050447
vt 0.383337 0.050447
vt 0.383337 0.050447
vt 0.116663 0.050447
vt 0.116663 0.050447
vt 0.116663 0.050447
vt 0.116663 0.050447
vt 0.116663 0.050447
vt 0.383337 0.050447
vt 0.383337 0.050447
vt 0.116663 0.050447
vt 0.116663 0.050447
vt 0.116663 0.050447
vt 0.116663 0.050447
vt 0.383337 0.050447
vt 0.116663 0.050447
vt 0.383337 0.050447
vt 0.116663 0.050447
vt 0.383337 0.050447
vt 0.383337 0.050447
vt 0.383337 0.050447
vt 0.116663 0.050447
vt 0.383337 0.050447
vt 0.383337 0.050447
vt 0.116663 0.050447
vt 0.116663 0.050447
vt 0.383337 0.050447
vt 0.116663 0.050447
vt 0.383337 0.050447
vt 0.383337 0.050447
vt 0.383337 0.050447
vt 0.116663 0.050447
vt 0.383337 0.050447
vt 0.383337 0.050447
vt 0.116663 0.050447
vt 0.383337 0.050447
vt 0.383337 0.050447
vt 0.383337 0.050447
vt 0.383337 0.050447
vt 0.383337 0.050447
vt 0.116663 0.050447
vt 0.383337 0.050447
vt 0.383337 0.050447
vt 0.116663 0.050447
vt 0.383337 0.050447
vt 0.383337 0.050447
vt 0.116663 0.050447
vn -0.7669 0.3162 0.5585
vn -0.6914 0.3529 0.6304
vn 0.0000 0.0000 1.0000
vn 0.0000 -0.9892 0.1467
vn 0.0000 -0.0950 0.9955
vn -0.8660 -0.1341 0.4817
vn -0.8805 0.0460 0.4718
vn 0.0000 -0.9415 0.3369
vn 0.0000 -0.1929 0.9812
vn 0.0000 -0.2471 0.9690
vn 0.0000 -0.2177 0.9760
vn 0.0000 -0.8577 0.5141
vn 0.0000 -0.2425 0.9702
vn 0.0000 0.8032 0.5957
vn 0.0000 0.2498 0.9683
vn 0.0000 -0.7410 0.6716
vn -0.6027 -0.3076 0.7362
vn -0.6579 -0.3492 0.6673
vn 0.0000 -0.5957 0.8032
vn 0.0000 -0.4276 0.9040
vn 0.0000 -0.1645 0.9864
vn -0.8963 0.3874 0.2158
vn 0.2921 0.9260 0.2390
vn 0.3181 -0.1178 0.9407
vn -0.6877 -0.1350 0.7134
vn -0.6857 0.0000 0.7279
vn 0.3181 0.1178 0.9407
vn -0.6877 0.1350 0.7134
vn 0.5110 -0.7509 0.4182
vn -0.9701 0.0661 0.2336
vn 0.0000 0.9122 -0.4098
vn 0.2788 0.9335 0.2256
vn 0.0000 0.1583 0.9874
vn 0.0000 0.4098 0.9122
vn 0.0000 0.2360 0.9718
vn 0.0000 0.5141 0.8577
vn 0.0000 0.1935 0.9811
vn 0.0000 0.6716 0.7410
vn -0.6282 0.3334 0.7030
vn 0.0000 0.9040 0.4276
vn 0.0000 0.2239 0.9746
vn 0.0000 0.9700 0.2430
vn 0.0000 0.1495 0.9888
vn -0.7282 -0.3425 0.5937
vn -0.0000 0.9988 0.0491
vn 0.0000 0.0326 0.9995
vn -0.8660 -0.1341 0.4818
vn -0.8051 -0.2724 0.5269
vn -0.5640 -0.2325 0.7924
vn -0.5840 -0.2286 0.7789
vn -0.9758 -0.0000 0.2187
vn -0.9836 0.1648 -0.0740
vn -0.5810 0.2199 0.7837
vn -0.5814 0.2735 0.7663
vn -0.8395 0.2111 0.5006
vn -0.5774 -0.5774 0.5774
vn -0.7071 0.0000 0.7071
vn -0.5774 0.5774 0.5774
vn 0.3162 0.0000 0.9487
vn 0.1961 0.0000 0.9806
vn 0.0000 -0.4472 0.8944
vn -0.3015 0.3015 0.9045
vn 0.0000 -0.7711 0.6367
vn 0.0000 -0.7054 0.7088
vn -0.4082 0.4082 0.8165
vn 0.4692 0.2793 0.8378
vn 0.2787 -0.6791 0.6791
vn 0.0000 0.9783 0.2070
vn 0.0000 0.9925 0.1224
vn 0.0000 -0.6329 0.7743
vn 0.0000 0.0983 0.9952
vn 0.0000 0.1999 0.9798
vn 0.0000 -0.5542 0.8324
vn 0.0000 0.4186 0.9082
vn 0.0000 -0.4703 0.8825
vn 0.0000 0.4703 0.8825
vn 0.0000 -0.4186 0.9082
vn 0.0000 0.5542 0.8324
vn 0.0000 -0.1999 0.9798
vn 0.0000 0.6329 0.7743
vn 0.0000 -0.9925 0.1224
vn 0.0000 0.7054 0.7088
vn 0.0000 -0.0983 0.9952
vn 0.0000 -0.9783 0.2070
vn 0.0000 0.7711 0.6367
vn 0.0000 -0.9546 0.2979
vn 0.0000 0.8295 0.5586
vn 0.0000 -0.1481 0.9890
vn 0.0000 -0.9216 0.3881
vn 0.0000 0.8798 0.4754
vn 0.0000 -0.8798 0.4754
vn 0.0000 0.9216 0.3881
vn 0.0000 0.1481 0.9890
vn 0.0000 -0.8295 0.5586
vn 0.0000 0.9546 0.2979
vn 0.6857 0.2785 0.6725
vn 0.6857 0.4044 0.6052
vn 0.7298 0.3798 0.5684
vn 0.7298 0.2616 0.6316
vn 0.6857 -0.2785 -0.6725
vn 0.6857 -0.4044 -0.6052
vn 0.6857 0.7279 0.0000
vn 0.6857 0.7139 -0.1420
vn 0.6857 -0.4044 0.6052
vn 0.6857 -0.2785 0.6725
vn 0.7298 -0.2616 0.6316
vn 0.7298 -0.3798 0.5684
vn 0.6857 0.5147 0.5147
vn 0.7298 0.4834 0.4834
vn 0.6857 -0.1420 -0.7139
vn 0.6857 0.7139 0.1420
vn 0.6857 -0.1420 0.7139
vn 0.7298 -0.1334 0.6705
vn 0.6857 0.6052 0.4044
vn 0.7298 0.5684 0.3798
vn 0.6857 0.0000 -0.7279
vn 0.6857 0.6725 0.2786
vn 0.6857 -0.0000 0.7279
vn 0.7298 -0.0000 0.6836
vn 0.7298 0.6316 0.2616
vn 0.7298 0.6705 0.1334
vn 0.7027 0.5410 0.4620
vn 0.7298 0.6836 0.0000
vn 0.6255 0.3197 0.7117
vn 0.7298 0.6705 -0.1334
vn 0.7676 0.1594 0.6208
vn 0.6857 0.6725 -0.2786
vn 0.7298 0.6316 -0.2616
vn 0.6857 0.6052 -0.4044
vn 0.7298 0.5684 -0.3798
vn 0.7027 0.5410 -0.4620
vn 0.7115 0.5343 -0.4563
vn 0.6646 0.2211 0.7138
vn 0.6255 0.3197 -0.7117
vn 0.8119 0.2392 -0.5325
vn 0.7676 0.1594 -0.6208
vn 0.6552 0.1878 -0.7317
vn 0.6646 -0.2211 0.7138
vn 0.6646 0.2211 -0.7138
vn 0.7552 0.1939 -0.6261
vn 0.7676 -0.1594 0.6208
vn 0.7298 0.0000 -0.6836
vn 0.6646 -0.2211 -0.7138
vn 0.7552 -0.1939 -0.6261
vn 0.7115 0.5343 0.4563
vn 0.7298 -0.6705 -0.1334
vn 0.7298 -0.6316 -0.2616
vn 0.6857 -0.6725 -0.2785
vn 0.6857 -0.7139 -0.1420
vn 0.8119 0.2392 0.5325
vn 0.7298 -0.5684 -0.3798
vn 0.6857 -0.6052 -0.4044
vn 0.6552 0.1878 0.7317
vn 0.7298 0.1334 -0.6705
vn 0.6857 0.1420 -0.7139
vn 0.7298 -0.4834 -0.4834
vn 0.6857 -0.5147 -0.5147
vn 0.7552 0.1939 0.6261
vn 0.6716 0.2192 0.7078
vn 0.7299 0.2616 -0.6316
vn 0.6857 0.2786 -0.6725
vn 0.7298 -0.3798 -0.5684
vn 0.7298 0.3798 -0.5684
vn 0.6857 0.4044 -0.6052
vn 0.7299 -0.2616 -0.6316
vn 0.6857 -0.2786 -0.6725
vn 0.7552 -0.1939 0.6261
vn 0.7298 0.4834 -0.4834
vn 0.6857 0.5147 -0.5147
vn 0.7298 -0.1334 -0.6705
vn 0.6552 -0.1878 0.7317
vn 0.8119 -0.2392 0.5325
vn 0.6255 -0.3197 0.7117
vn 0.7115 -0.5343 0.4563
vn 0.7027 -0.5410 0.4620
vn 0.7298 -0.5684 0.3798
vn 0.6857 -0.6052 0.4044
vn 0.7298 -0.6316 0.2616
vn 0.6857 -0.6725 0.2786
vn 0.7298 -0.6705 0.1334
vn 0.6857 -0.7139 0.1420
vn 0.7299 -0.6836 0.0000
vn 0.6857 -0.7279 0.0000
vn -0.3162 0.0000 0.9487
vn -0.1961 0.0000 0.9806
vn 0.5774 0.5774 0.5774
vn 0.3015 0.3015 0.9045
vn 0.3015 -0.3015 0.9045
vn 0.7071 -0.7071 0.0000
vn 0.5774 -0.5774 0.5774
vn -0.7071 -0.7071 0.0000
vn -0.9045 0.3015 0.3015
vn -0.7071 0.0000 -0.7071
vn -0.5774 -0.5774 -0.5774
vn -0.9045 -0.3015 0.3015
vn -0.7071 0.7071 0.0000
vn -0.5774 0.5774 -0.5774
vn 0.0000 -0.4926 0.8702
vn 0.0000 0.4636 0.8860
vn 0.0000 -0.9040 0.4276
vn 0.0000 0.7410 0.6716
vn 0.0000 0.3855 0.9227
vn 0.0000 0.5957 0.8032
vn 0.0000 -0.3885 0.9215
vn 0.0000 -0.9700 0.2430
vn 0.0000 -0.9988 0.0491
vn 0.0000 -0.0971 0.9953
vn 0.0000 -0.8032 0.5957
vn 0.0000 -0.4884 0.8726
vn 0.0000 -0.6716 0.7410
vn 0.0000 -0.4286 0.9035
vn 0.0000 -0.5141 0.8577
vn 0.0000 -0.3361 0.9418
vn 0.0000 -0.4098 0.9122
vn 0.0000 -0.2702 0.9628
vn 0.0000 0.4276 0.9040
vn 0.0000 0.2816 0.9595
vn 0.0000 0.8577 0.5141
vn 0.0000 0.4997 0.8662
vn 0.0000 0.9415 0.3369
vn 0.0000 0.4593 0.8883
vn 0.0000 0.9892 0.1467
vn 0.0000 0.2681 0.9634
vn 0.6857 -0.5147 0.5147
vn 0.6857 -0.6725 -0.2786
vn 0.7027 -0.5410 -0.4620
vn 0.6255 -0.3197 -0.7117
vn 0.7676 -0.1594 -0.6208
vn 0.6857 0.1420 0.7139
vn 0.7298 -0.4834 0.4834
vn 0.6857 0.6725 -0.2785
vn 0.7298 0.1334 0.6705
vn 0.7298 -0.6836 0.0000
vn 0.6857 0.2785 -0.6725
vn 0.6857 -0.6725 0.2785
vn 0.7115 -0.5343 -0.4563
vn 0.8119 -0.2392 -0.5325
vn 0.6552 -0.1878 -0.7317
vn 0.0000 -0.7071 0.7071
vn -0.0000 0.7071 0.7071
vn 0.7071 0.7071 0.0000
vn 0.3015 0.9045 0.3015
vn -0.3015 0.9045 0.3015
vn -0.8917 -0.2420 0.3824
vn -0.8789 -0.2552 0.4031
vn -0.3015 -0.9045 -0.3015
vn -0.3015 -0.9045 0.3015
vn -0.3015 0.9045 -0.3015
vn 0.3015 -0.9045 0.3015
vn 0.3015 -0.9045 -0.3015
vn 0.5774 -0.5774 -0.5774
vn 0.3015 0.9045 -0.3015
vn 0.5774 0.5774 -0.5774
vn 0.5345 0.2673 0.8018
vn 1.0000 0.0000 0.0000
vn 0.5773 0.5774 -0.5774
vn 0.5345 -0.2673 0.8018
vn 0.5773 0.5774 0.5774
vn 0.5774 -0.5773 0.5773
vn 0.5774 -0.5773 -0.5773
vn 0.4472 0.0000 0.8944
vn 0.7269 0.6842 0.0589
vn 0.7269 0.6842 -0.0589
vn 0.2425 -0.0000 0.9701
vn 0.7269 0.0589 -0.6842
vn 0.7269 -0.0589 -0.6842
vn 0.7269 -0.0589 0.6842
vn 0.7269 0.0589 0.6842
vn 0.6102 0.5101 0.6062
vn 0.6752 0.5644 0.4749
vn 0.7269 -0.6842 -0.0589
vn 0.7269 -0.6842 0.0589
vn 0.7417 -0.2104 -0.6369
vn 0.7447 -0.3910 -0.5409
vn 0.7447 -0.5409 -0.3910
vn 0.6752 -0.5644 0.4750
vn 0.7417 -0.6369 -0.2104
vn 0.6102 -0.5101 0.6062
vn 0.7417 -0.6369 0.2104
vn 0.7447 -0.5409 0.3910
vn 0.7447 -0.3910 0.5409
vn 0.7417 -0.2104 0.6369
vn 0.7417 0.2104 0.6369
vn 0.7447 0.3910 0.5409
vn 0.7447 0.5409 0.3910
vn 0.7417 0.6369 0.2104
vn 1.0000 -0.0001 0.0000
vn 0.7417 0.6369 -0.2104
vn 0.7447 0.5409 -0.3910
vn 0.7447 0.3910 -0.5409
vn 0.7417 0.2104 -0.6369
vn 0.6883 0.0622 -0.7227
vn 0.6755 0.2313 -0.7001
vn 0.6730 0.4333 -0.5994
vn 0.6730 0.5994 -0.4333
vn 0.6755 0.7001 -0.2313
vn 0.6134 0.6043 0.5085
vn 0.5470 0.5390 0.6405
vn 0.6755 0.7001 0.2313
vn 0.6730 0.5994 0.4333
vn 0.6730 0.4333 0.5994
vn 0.6755 0.2313 0.7001
vn 0.6883 0.0622 0.7227
vn 0.6883 -0.0622 0.7227
vn 0.6755 -0.2313 0.7001
vn 0.6730 -0.4333 0.5994
vn 0.6730 -0.5994 0.4333
vn 0.6755 -0.7001 0.2313
vn 0.5470 -0.5390 0.6405
vn 0.6133 -0.6043 0.5085
vn 0.6755 -0.7001 -0.2313
vn 0.6730 -0.5994 -0.4333
vn 0.6730 -0.4333 -0.5994
vn 0.6755 -0.2313 -0.7001
vn 0.6883 -0.0622 -0.7227
vn 0.6883 0.7227 -0.0622
vn 0.6883 0.7227 0.0622
vn 0.6883 -0.7228 0.0622
vn 0.6883 -0.7228 -0.0622
vn 0.6883 -0.0622 0.7228
vn 0.6883 -0.7227 0.0622
vn 0.6883 -0.7227 -0.0622
vn 0.6730 -0.4332 -0.5994
vn 0.6883 0.0622 -0.7228
vn 0.6755 0.7002 -0.2313
vn 0.6883 0.7228 -0.0622
vn 0.6883 0.7228 0.0622
usemtl metal
s 1
f 55/1/1 53/2/2 906/3/3 907/4/3
f 1389/5/4 4/6/5 6/7/5 1391/8/4
f 3/9/6 1/10/7 865/11/3 866/12/3
f 1393/13/8 8/14/9 10/15/9 1395/16/8
f 18/17/10 20/18/11 884/19/3 881/20/3
f 1397/21/12 12/22/13 14/23/13 1399/24/12
f 1427/25/14 54/26/15 905/27/3 1167/28/3
f 1401/29/16 16/30/10 18/17/10 1403/31/16
f 19/32/17 17/33/18 882/34/3 883/35/3
f 1405/36/19 20/18/11 22/37/11 1407/38/19
f 1403/39/16 18/40/10 881/41/3 1143/42/3
f 1409/43/20 24/44/21 26/45/21 1411/46/20
f 1426/47/14 51/48/2 903/49/3 1166/50/3
f 29/51/22 30/52/23 32/53/24 31/54/25
f 31/54/25 32/53/24 34/55/3 33/56/26
f 33/56/26 34/55/3 36/57/27 35/58/28
f 35/58/28 36/57/27 38/59/29 37/60/30
f 1413/61/31 40/62/32 42/63/33 1415/64/34
f 50/65/35 52/66/15 904/67/3 901/68/3
f 1417/69/36 44/70/37 46/71/37 1419/72/36
f 1402/73/16 15/74/18 879/75/3 1142/76/3
f 1421/77/38 48/78/35 50/65/35 1423/79/38
f 51/80/2 49/81/39 902/82/3 903/83/3
f 1425/84/14 52/66/15 54/85/15 1427/86/14
f 14/23/13 16/30/10 880/87/3 877/88/3
f 1429/89/40 56/90/41 58/91/41 1431/92/40
f 1423/93/38 50/94/35 901/95/3 1163/96/3
f 1433/97/42 60/98/43 62/99/43 1435/100/42
f 48/78/35 46/71/37 107/101/3 108/102/3
f 15/103/18 13/104/44 878/105/3 879/106/3
f 1437/107/45 64/108/46 2/109/46 1388/110/45
f 1/10/7 3/9/6 5/111/47 7/112/48 9/113/48 11/114/44 13/104/44 15/103/18 17/33/18 19/32/17 21/115/17 23/116/49 25/117/50 27/118/51 29/119/22 31/120/25 33/121/26 35/122/28 37/123/30 39/124/52 41/125/53 43/126/54 45/127/54 47/128/39 49/81/39 51/80/2 53/2/2 55/1/1 57/129/1 59/130/55 61/131/55 63/132/7
f 39/124/52 37/123/30 70/133/56 71/134/57
f 29/119/22 27/118/51 66/135/57 67/136/58
f 73/137/59 77/138/60 271/139/61 269/140/61
f 39/124/52 71/134/57 80/141/62 76/142/58
f 89/143/3 88/144/3 196/145/63 197/146/64
f 4/6/5 2/147/46 82/148/3 81/149/3
f 2/109/46 64/108/46 116/150/3 82/151/3
f 37/123/30 39/124/52 103/152/57 102/153/65
f 29/51/22 30/52/23 97/154/66 96/155/65
f 22/37/11 20/18/11 90/156/3 91/157/3
f 40/158/32 38/159/29 101/160/66 104/161/59
f 58/91/41 56/90/41 112/162/3 113/163/3
f 14/23/13 12/22/13 86/164/3 87/165/3
f 32/53/24 30/52/23 97/154/66 98/166/59
f 50/65/35 48/78/35 108/102/3 109/167/3
f 6/7/5 4/6/5 81/149/3 83/168/3
f 24/44/21 22/37/11 91/157/3 92/169/3
f 42/63/33 40/62/32 104/170/59 105/171/3
f 60/98/43 58/91/41 113/163/3 114/172/3
f 16/30/10 14/23/13 87/165/3 88/144/3
f 34/55/3 32/53/24 98/166/59 99/173/3
f 52/66/15 50/65/35 109/167/3 110/174/3
f 8/14/9 6/7/5 83/168/3 84/175/3
f 26/45/21 24/44/21 92/169/3 93/176/3
f 44/70/37 42/63/33 105/171/3 106/177/3
f 62/99/43 60/98/43 114/172/3 115/178/3
f 18/17/10 16/30/10 88/144/3 89/143/3
f 36/57/27 34/55/3 99/173/3 100/179/59
f 54/85/15 52/66/15 110/174/3 111/180/3
f 10/15/9 8/14/9 84/175/3 85/181/3
f 28/182/67 26/45/21 93/176/3 94/183/59
f 46/71/37 44/70/37 106/177/3 107/101/3
f 64/108/46 62/99/43 115/178/3 116/150/3
f 20/18/11 18/17/10 89/143/3 90/156/3
f 38/59/29 36/57/27 100/179/59 101/184/66
f 56/90/41 54/85/15 111/180/3 112/162/3
f 27/118/51 29/119/22 96/185/65 95/186/57
f 37/60/30 38/59/29 101/184/66 102/187/65
f 12/22/13 10/15/9 85/181/3 86/164/3
f 30/188/23 28/189/67 94/190/59 97/191/66
f 116/150/3 115/178/3 219/192/68 220/193/69
f 102/153/65 103/152/57 139/194/3 138/195/3
f 90/156/3 89/143/3 197/146/64 198/196/70
f 82/151/3 116/150/3 220/193/69 190/197/3
f 104/161/59 101/160/66 207/198/71 208/199/72
f 91/157/3 90/156/3 198/196/70 199/200/73
f 105/171/3 104/170/59 208/201/72 209/202/74
f 92/169/3 91/157/3 199/200/73 200/203/75
f 106/177/3 105/171/3 209/202/74 210/204/76
f 93/176/3 92/169/3 200/203/75 201/205/77
f 107/101/3 106/177/3 210/204/76 211/206/78
f 94/183/59 93/176/3 201/205/77 202/207/79
f 108/102/3 107/101/3 211/206/78 212/208/80
f 95/186/57 96/185/65 132/209/3 131/210/3
f 81/149/3 82/148/3 190/211/3 189/212/81
f 109/167/3 108/102/3 212/208/80 213/213/82
f 97/191/66 94/190/59 202/214/79 203/215/83
f 83/168/3 81/149/3 189/212/81 191/216/84
f 110/174/3 109/167/3 213/213/82 214/217/85
f 96/218/65 97/219/66 203/220/83 132/221/3
f 84/175/3 83/168/3 191/216/84 192/222/86
f 111/180/3 110/174/3 214/217/85 215/223/87
f 98/166/59 97/154/66 203/224/83 204/225/88
f 85/181/3 84/175/3 192/222/86 193/226/89
f 112/162/3 111/180/3 215/223/87 216/227/90
f 99/173/3 98/166/59 204/225/88 205/228/3
f 86/164/3 85/181/3 193/226/89 194/229/91
f 113/163/3 112/162/3 216/227/90 217/230/92
f 100/179/59 99/173/3 205/228/3 206/231/93
f 87/165/3 86/164/3 194/229/91 195/232/94
f 114/172/3 113/163/3 217/230/92 218/233/95
f 101/184/66 100/179/59 206/231/93 207/234/71
f 88/144/3 87/165/3 195/232/94 196/145/63
f 115/178/3 114/172/3 218/233/95 219/192/68
f 102/235/65 101/236/66 207/237/71 138/238/3
f 1441/239/96 1442/240/97 1505/241/98 1504/242/99
f 192/222/86 191/216/84 1473/243/100 1474/244/101
f 214/217/85 213/213/82 1495/245/102 1496/246/103
f 1468/247/104 1469/248/105 1532/249/106 1531/250/107
f 1442/240/97 1443/251/108 1506/252/109 1505/241/98
f 191/216/84 189/212/81 1471/253/110 1473/243/100
f 213/213/82 212/208/80 1494/254/111 1495/245/102
f 1469/248/105 1470/255/112 1533/256/113 1532/249/106
f 1443/251/108 1444/257/114 1507/258/115 1506/252/109
f 189/212/81 190/211/3 1472/259/116 1471/253/110
f 212/208/80 211/206/78 1493/260/117 1494/254/111
f 1470/255/112 1439/261/118 1534/262/119 1533/256/113
f 1444/257/114 1445/263/117 1508/264/120 1507/258/115
f 211/206/78 210/204/76 1492/265/114 1493/260/117
f 1445/263/117 1446/266/111 1509/267/121 1508/264/120
f 210/204/76 209/202/74 1491/268/122 1492/265/114
f 1446/266/111 1447/269/102 1510/270/123 1509/267/121
f 209/202/74 208/201/72 1490/271/124 1491/268/122
f 1447/269/102 1448/272/103 1511/273/125 1510/270/123
f 208/199/72 207/198/71 1489/274/126 1490/275/124
f 1448/272/103 1449/276/127 1512/277/128 1511/273/125
f 1449/276/127 1450/278/129 1513/279/130 1512/277/128
f 1450/278/129 1451/280/131 1514/281/132 1513/279/130
f 207/234/71 206/231/93 1488/282/133 1489/283/126
f 1451/280/131 1452/284/134 1515/285/135 1514/281/132
f 206/231/93 205/228/3 1487/286/118 1488/282/133
f 1452/284/134 1453/287/136 1516/288/137 1515/285/135
f 205/228/3 204/225/88 1486/289/138 1487/286/118
f 1453/287/136 1454/290/139 1517/291/140 1516/288/137
f 204/225/88 203/224/83 1485/292/141 1486/289/138
f 1454/290/139 1455/293/116 1518/294/142 1517/291/140
f 1455/293/116 1456/295/143 1519/296/144 1518/294/142
f 142/297/115 141/298/145 252/299/122 223/300/114
f 124/301/146 123/302/147 251/303/148 221/304/149
f 141/298/145 140/305/150 250/306/124 252/299/122
f 123/302/147 122/307/151 249/308/152 251/303/148
f 140/305/150 137/309/153 248/310/153 250/306/124
f 118/311/142 152/312/154 247/313/155 236/314/116
f 122/307/151 121/315/156 246/316/157 249/308/152
f 137/309/153 136/317/158 245/318/159 248/310/153
f 152/312/154 151/319/160 244/320/161 247/313/155
f 121/315/156 120/321/162 243/322/101 246/316/157
f 136/317/158 135/323/119 242/324/118 245/318/159
f 151/319/160 150/325/163 241/326/164 244/320/161
f 120/321/162 119/327/165 240/328/166 243/322/101
f 135/323/119 134/329/167 239/330/138 242/324/118
f 150/325/163 149/331/168 238/332/169 241/326/164
f 119/327/165 117/333/170 237/334/110 240/328/166
f 134/329/167 133/335/171 235/336/141 239/330/138
f 149/331/168 148/337/130 234/338/129 238/332/169
f 117/333/170 118/311/142 236/314/116 237/334/110
f 133/335/171 130/339/172 233/340/173 235/336/141
f 148/337/130 147/341/128 232/342/127 234/338/129
f 130/339/172 129/343/174 231/344/175 233/340/173
f 147/341/128 146/345/125 230/346/103 232/342/127
f 129/343/174 128/347/176 229/348/177 231/344/175
f 146/345/125 145/349/123 228/350/102 230/346/103
f 128/347/176 127/351/178 227/352/179 229/348/177
f 145/349/123 144/353/121 226/354/111 228/350/102
f 127/351/178 126/355/180 225/356/181 227/352/179
f 144/353/121 143/357/120 224/358/117 226/354/111
f 126/355/180 125/359/182 222/360/183 225/356/181
f 143/357/120 142/297/115 223/300/114 224/358/117
f 125/359/182 124/301/146 221/304/149 222/360/183
f 237/334/110 246/316/157 243/322/101 240/328/166
f 236/314/116 249/308/152 246/316/157 237/334/110
f 247/313/155 251/303/148 249/308/152 236/314/116
f 244/320/161 221/304/149 251/303/148 247/313/155
f 241/326/164 222/360/183 221/304/149 244/320/161
f 238/332/169 225/356/181 222/360/183 241/326/164
f 234/338/129 227/352/179 225/356/181 238/332/169
f 232/342/127 229/348/177 227/352/179 234/338/129
f 230/346/103 231/344/175 229/348/177 232/342/127
f 228/350/102 233/340/173 231/344/175 230/346/103
f 226/354/111 235/336/141 233/340/173 228/350/102
f 224/358/117 239/330/138 235/336/141 226/354/111
f 223/300/114 242/324/118 239/330/138 224/358/117
f 252/299/122 245/318/159 242/324/118 223/300/114
f 250/306/124 248/310/153 245/318/159 252/299/122
f 74/361/184 78/362/185 258/363/3 254/364/3
f 75/365/186 79/366/187 259/367/3 255/368/3
f 77/369/60 78/370/185 258/371/3 257/372/3
f 74/373/184 73/374/59 253/375/3 254/376/3
f 76/377/58 80/378/62 260/379/3 256/380/3
f 73/374/59 77/369/60 257/372/3 253/375/3
f 80/378/62 79/381/187 259/382/3 260/379/3
f 75/383/186 76/377/58 256/380/3 255/384/3
f 256/380/3 260/379/3 268/385/3 264/386/3
f 253/375/3 257/372/3 265/387/3 261/388/3
f 260/379/3 259/382/3 267/389/3 268/385/3
f 255/384/3 256/380/3 264/386/3 263/390/3
f 254/364/3 258/363/3 266/391/3 262/392/3
f 255/368/3 259/367/3 267/393/3 263/394/3
f 257/372/3 258/371/3 266/395/3 265/387/3
f 254/376/3 253/375/3 261/388/3 262/396/3
f 78/362/185 74/361/184 270/397/61 272/398/61
f 77/369/60 78/370/185 272/399/61 271/400/61
f 74/373/184 73/374/59 269/401/61 270/402/61
f 65/403/188 28/189/67 290/404/189 294/405/190
f 305/406/191 308/407/192 299/408/193 300/409/194
f 311/410/195 310/411/196 297/412/197 298/413/193
f 38/159/29 40/158/32 308/407/192 305/406/191
f 28/189/67 30/188/23 310/411/196 311/410/195
f 324/414/57 323/415/193 314/416/194 317/417/56
f 325/418/193 328/419/57 319/420/58 316/421/197
f 311/410/195 298/413/193 323/415/193 324/414/57
f 299/408/193 308/407/192 328/419/57 325/418/193
f 1162/422/3 899/423/3 951/424/3 1214/425/3
f 1135/426/3 873/427/3 925/428/3 1187/429/3
f 897/430/3 900/431/3 952/432/3 949/433/3
f 1134/434/3 871/435/3 923/436/3 1186/437/3
f 899/438/3 898/439/3 950/440/3 951/441/3
f 869/442/3 872/443/3 924/444/3 921/445/3
f 1159/446/3 897/430/3 949/433/3 1211/447/3
f 871/448/3 870/449/3 922/450/3 923/451/3
f 1158/452/3 895/453/3 947/454/3 1210/455/3
f 1131/456/3 869/442/3 921/445/3 1183/457/3
f 893/458/3 896/459/3 948/460/3 945/461/3
f 1130/462/3 866/463/3 918/464/3 1182/465/3
f 895/466/3 894/467/3 946/468/3 947/469/3
f 1406/470/19 19/471/17 883/472/3 1146/473/3
f 2/147/46 4/6/5 867/474/3 868/475/3
f 54/85/15 56/90/41 908/476/3 905/477/3
f 1388/478/45 2/479/46 868/480/3 1128/481/3
f 1430/482/40 55/483/1 907/484/3 1170/485/3
f 1390/486/4 3/487/6 866/488/3 1130/489/3
f 1407/490/19 22/491/11 885/492/3 1147/493/3
f 23/116/49 21/115/17 886/494/3 887/495/3
f 1431/496/40 58/497/41 909/498/3 1171/499/3
f 22/37/11 24/44/21 888/500/3 885/501/3
f 1391/502/4 6/503/5 869/504/3 1131/505/3
f 59/130/55 57/129/1 910/506/3 911/507/3
f 1410/508/20 23/509/49 887/510/3 1150/511/3
f 7/112/48 5/111/47 870/449/3 871/448/3
f 58/91/41 60/98/43 912/512/3 909/513/3
f 1415/514/34 42/515/33 893/516/3 1155/517/3
f 6/7/5 8/14/9 872/443/3 869/442/3
f 1434/518/42 59/519/55 911/520/3 1174/521/3
f 43/126/54 41/125/53 894/467/3 895/466/3
f 1394/522/8 7/523/48 871/524/3 1134/525/3
f 42/63/33 44/70/37 896/459/3 893/458/3
f 1411/526/20 26/527/21 889/528/3 1151/529/3
f 1418/530/36 43/531/54 895/532/3 1158/533/3
f 27/118/51 25/117/50 890/534/3 891/535/3
f 1435/536/42 62/537/43 913/538/3 1175/539/3
f 26/45/21 28/182/67 892/540/3 889/541/3
f 1395/542/8 10/543/9 873/544/3 1135/545/3
f 63/132/7 61/131/55 914/546/3 915/547/3
f 11/114/44 9/113/48 874/548/3 875/549/3
f 62/99/43 64/108/46 916/550/3 913/551/3
f 1419/552/36 46/553/37 897/554/3 1159/555/3
f 10/15/9 12/22/13 876/556/3 873/427/3
f 1438/557/45 63/558/7 915/559/3 1178/560/3
f 47/128/39 45/127/54 898/439/3 899/438/3
f 1398/561/12 11/562/44 875/563/3 1138/564/3
f 46/71/37 48/78/35 900/431/3 897/430/3
f 1422/565/38 47/566/39 899/567/3 1162/568/3
f 1399/569/12 14/570/13 877/571/3 1139/572/3
f 1214/425/3 951/424/3 1003/573/3 1266/574/3
f 1187/429/3 925/428/3 977/575/3 1239/576/3
f 949/433/3 952/432/3 1004/577/3 1001/578/3
f 1186/437/3 923/436/3 975/579/3 1238/580/3
f 951/441/3 950/440/3 1002/581/3 1003/582/3
f 921/445/3 924/444/3 976/583/3 973/584/3
f 1211/447/3 949/433/3 1001/578/3 1263/585/3
f 923/451/3 922/450/3 974/586/3 975/587/3
f 1210/455/3 947/454/3 999/588/3 1262/589/3
f 1183/457/3 921/445/3 973/584/3 1235/590/3
f 945/461/3 948/460/3 1000/591/3 997/592/3
f 1182/465/3 918/464/3 970/593/3 1234/594/3
f 947/469/3 946/468/3 998/595/3 999/596/3
f 875/549/3 874/548/3 926/597/3 927/598/3
f 1163/599/3 901/68/3 953/600/3 1215/601/3
f 873/427/3 876/556/3 928/602/3 925/428/3
f 903/83/3 902/82/3 954/603/3 955/604/3
f 1138/605/3 875/606/3 927/607/3 1190/608/3
f 901/68/3 904/67/3 956/609/3 953/600/3
f 1139/610/3 877/88/3 929/611/3 1191/612/3
f 1166/613/3 903/614/3 955/615/3 1218/616/3
f 879/106/3 878/105/3 930/617/3 931/618/3
f 1167/619/3 905/477/3 957/620/3 1219/621/3
f 877/88/3 880/87/3 932/622/3 929/611/3
f 907/4/3 906/3/3 958/623/3 959/624/3
f 1142/625/3 879/626/3 931/627/3 1194/628/3
f 905/477/3 908/476/3 960/629/3 957/620/3
f 1143/630/3 881/20/3 933/631/3 1195/632/3
f 1170/633/3 907/634/3 959/635/3 1222/636/3
f 883/35/3 882/34/3 934/637/3 935/638/3
f 1171/639/3 909/513/3 961/640/3 1223/641/3
f 881/20/3 884/19/3 936/642/3 933/631/3
f 911/507/3 910/506/3 962/643/3 963/644/3
f 1146/645/3 883/646/3 935/647/3 1198/648/3
f 909/513/3 912/512/3 964/649/3 961/640/3
f 1147/650/3 885/501/3 937/651/3 1199/652/3
f 1174/653/3 911/654/3 963/655/3 1226/656/3
f 887/495/3 886/494/3 938/657/3 939/658/3
f 1175/659/3 913/551/3 965/660/3 1227/661/3
f 885/501/3 888/500/3 940/662/3 937/651/3
f 915/547/3 914/546/3 966/663/3 967/664/3
f 1150/665/3 887/666/3 939/667/3 1202/668/3
f 913/551/3 916/550/3 968/669/3 965/660/3
f 1151/670/3 889/541/3 941/671/3 1203/672/3
f 1178/673/3 915/674/3 967/675/3 1230/676/3
f 891/535/3 890/534/3 942/677/3 943/678/3
f 889/541/3 892/540/3 944/679/3 941/671/3
f 866/12/3 865/11/3 917/680/3 918/681/3
f 868/475/3 867/474/3 919/682/3 920/683/3
f 1155/684/3 893/458/3 945/461/3 1207/685/3
f 1128/686/3 868/687/3 920/688/3 1180/689/3
f 1084/690/3 1082/691/3 1034/692/198 1047/693/198
f 1109/694/3 1111/695/3 1066/696/199 1028/697/199
f 1339/698/3 1084/690/3 1047/693/198 1309/699/200
f 1365/700/3 1109/694/3 1028/697/199 1321/701/201
f 1081/702/3 1083/703/3 1048/704/198 1033/705/198
f 1108/706/3 1106/707/3 1054/708/202 1067/709/202
f 1337/710/3 1081/702/3 1033/705/198 1307/711/200
f 1363/712/3 1108/706/3 1067/709/202 1289/713/203
f 1080/714/3 1078/715/3 1022/716/204 1035/717/204
f 1105/718/3 1107/719/3 1068/720/202 1053/721/202
f 1335/722/3 1080/714/3 1035/717/204 1297/723/205
f 1361/724/3 1105/718/3 1053/721/202 1323/725/203
f 1077/726/3 1079/727/3 1036/728/204 1021/729/204
f 927/598/3 926/597/3 978/730/3 979/731/3
f 1215/601/3 953/600/3 1005/732/3 1267/733/3
f 925/428/3 928/602/3 980/734/3 977/575/3
f 955/604/3 954/603/3 1006/735/3 1007/736/3
f 1190/608/3 927/607/3 979/737/3 1242/738/3
f 953/600/3 956/609/3 1008/739/3 1005/732/3
f 1191/612/3 929/611/3 981/740/3 1243/741/3
f 1218/616/3 955/615/3 1007/742/3 1270/743/3
f 931/618/3 930/617/3 982/744/3 983/745/3
f 1219/621/3 957/620/3 1009/746/3 1271/747/3
f 929/611/3 932/622/3 984/748/3 981/740/3
f 959/624/3 958/623/3 1010/749/3 1011/750/3
f 1194/628/3 931/627/3 983/751/3 1246/752/3
f 957/620/3 960/629/3 1012/753/3 1009/746/3
f 1195/632/3 933/631/3 985/754/3 1247/755/3
f 1222/636/3 959/635/3 1011/756/3 1274/757/3
f 935/638/3 934/637/3 986/758/3 987/759/3
f 1223/641/3 961/640/3 1013/760/3 1275/761/3
f 933/631/3 936/642/3 988/762/3 985/754/3
f 963/644/3 962/643/3 1014/763/3 1015/764/3
f 1198/648/3 935/647/3 987/765/3 1250/766/3
f 961/640/3 964/649/3 1016/767/3 1013/760/3
f 1199/652/3 937/651/3 989/768/3 1251/769/3
f 1226/656/3 963/655/3 1015/770/3 1278/771/3
f 939/658/3 938/657/3 990/772/3 991/773/3
f 1227/661/3 965/660/3 1017/774/3 1279/775/3
f 937/651/3 940/662/3 992/776/3 989/768/3
f 967/664/3 966/663/3 1018/777/3 1019/778/3
f 1202/668/3 939/667/3 991/779/3 1254/780/3
f 965/660/3 968/669/3 1020/781/3 1017/774/3
f 1203/672/3 941/671/3 993/782/3 1255/783/3
f 1230/676/3 967/675/3 1019/784/3 1282/785/3
f 943/678/3 942/677/3 994/786/3 995/787/3
f 941/671/3 944/679/3 996/788/3 993/782/3
f 918/681/3 917/680/3 969/789/3 970/790/3
f 920/683/3 919/682/3 971/791/3 972/792/3
f 1207/685/3 945/461/3 997/592/3 1259/793/3
f 1180/689/3 920/688/3 972/794/3 1232/795/3
f 1285/796/206 1063/797/207 1062/798/207 1284/799/206
f 1231/800/3 1330/801/3 1074/802/3 969/803/3
f 971/791/3 1075/804/3 1073/805/3 972/792/3
f 1233/806/3 1332/807/3 1075/804/3 971/791/3
f 969/803/3 1074/802/3 1076/808/3 970/593/3
f 1295/809/205 1021/729/204 1036/728/204 1298/810/205
f 1236/811/3 1334/812/3 1078/715/3 974/813/3
f 976/583/3 1079/727/3 1077/726/3 973/584/3
f 1237/814/3 1336/815/3 1079/727/3 976/583/3
f 974/813/3 1078/715/3 1080/714/3 975/579/3
f 1307/711/200 1033/705/198 1048/704/198 1310/816/200
f 1240/817/3 1338/818/3 1082/691/3 978/819/3
f 980/734/3 1083/703/3 1081/702/3 977/575/3
f 1241/820/3 1340/821/3 1083/703/3 980/734/3
f 978/819/3 1082/691/3 1084/690/3 979/737/3
f 1317/822/208 1045/823/209 1060/824/209 1320/825/208
f 1244/826/3 1342/827/3 1086/828/3 982/829/3
f 984/748/3 1087/830/3 1085/831/3 981/740/3
f 1245/832/3 1344/833/3 1087/830/3 984/748/3
f 982/829/3 1086/828/3 1088/834/3 983/751/3
f 1327/835/210 1057/836/211 1072/837/211 1294/838/210
f 1248/839/3 1346/840/3 1090/841/3 986/842/3
f 988/762/3 1091/843/3 1089/844/3 985/754/3
f 1249/845/3 1348/846/3 1091/843/3 988/762/3
f 986/842/3 1090/841/3 1092/847/3 987/765/3
f 1325/848/212 1032/849/213 1070/850/213 1292/851/212
f 1252/852/3 1350/853/3 1094/854/3 990/855/3
f 992/776/3 1095/856/3 1093/857/3 989/768/3
f 1253/858/3 1352/859/3 1095/856/3 992/776/3
f 990/855/3 1094/854/3 1096/860/3 991/779/3
f 1303/861/214 1029/862/215 1044/863/215 1306/864/214
f 1256/865/3 1354/866/3 1098/867/3 994/868/3
f 996/788/3 1099/869/3 1097/870/3 993/782/3
f 1257/871/3 1356/872/3 1099/869/3 996/788/3
f 994/868/3 1098/867/3 1100/873/3 995/874/3
f 1313/875/216 1041/876/217 1056/877/217 1316/878/216
f 1260/879/3 1358/880/3 1102/881/3 998/882/3
f 1000/591/3 1103/883/3 1101/884/3 997/592/3
f 1261/885/3 1360/886/3 1103/883/3 1000/591/3
f 998/882/3 1102/881/3 1104/887/3 999/588/3
f 1323/725/203 1053/721/202 1068/720/202 1290/888/203
f 1264/889/3 1362/890/3 1106/707/3 1002/891/3
f 1004/577/3 1107/719/3 1105/718/3 1001/578/3
f 1265/892/3 1364/893/3 1107/719/3 1004/577/3
f 1002/891/3 1106/707/3 1108/706/3 1003/573/3
f 1321/701/201 1028/697/199 1066/696/199 1288/894/201
f 1268/895/3 1366/896/3 1110/897/3 1006/898/3
f 1008/739/3 1111/695/3 1109/694/3 1005/732/3
f 1269/899/3 1368/900/3 1111/695/3 1008/739/3
f 1006/898/3 1110/897/3 1112/901/3 1007/742/3
f 1385/902/218 1025/903/219 1040/904/219 1302/905/218
f 1272/906/3 1370/907/3 1114/908/3 1010/909/3
f 1012/753/3 1115/910/3 1113/911/3 1009/746/3
f 1273/912/3 1372/913/3 1115/910/3 1012/753/3
f 1010/909/3 1114/908/3 1116/914/3 1011/756/3
f 1299/915/220 1049/916/221 1038/917/221 1312/918/220
f 1276/919/3 1374/920/3 1118/921/3 1014/922/3
f 1016/767/3 1119/923/3 1117/924/3 1013/760/3
f 1277/925/3 1376/926/3 1119/923/3 1016/767/3
f 1014/922/3 1118/921/3 1120/927/3 1015/770/3
f 1383/928/222 1050/929/223 1064/930/223 1382/931/222
f 1280/932/3 1378/933/3 1122/934/3 1018/935/3
f 1020/781/3 1123/936/3 1121/937/3 1017/774/3
f 1281/938/3 1380/939/3 1123/936/3 1020/781/3
f 1018/935/3 1122/934/3 1124/940/3 1019/784/3
f 1367/941/3 1112/901/3 1027/942/199 1287/943/201
f 1341/944/3 1085/831/3 1045/823/209 1317/822/208
f 1112/901/3 1110/897/3 1065/945/199 1027/942/199
f 1085/831/3 1087/830/3 1060/824/209 1045/823/209
f 1369/946/3 1113/911/3 1025/903/219 1385/902/218
f 1343/947/3 1088/834/3 1059/948/209 1319/949/208
f 1113/911/3 1115/910/3 1040/904/219 1025/903/219
f 1088/834/3 1086/828/3 1046/950/209 1059/948/209
f 1371/951/3 1116/914/3 1039/952/219 1301/953/218
f 1345/954/3 1089/844/3 1057/836/211 1327/835/210
f 1116/914/3 1114/908/3 1026/955/219 1039/952/219
f 1089/844/3 1091/843/3 1072/837/211 1057/836/211
f 1373/956/3 1117/924/3 1049/916/221 1299/915/220
f 1347/957/3 1092/847/3 1071/958/211 1293/959/210
f 1117/924/3 1119/923/3 1038/917/221 1049/916/221
f 1092/847/3 1090/841/3 1058/960/211 1071/958/211
f 1375/961/3 1120/927/3 1052/962/221 1311/963/220
f 1349/964/3 1093/857/3 1032/849/213 1325/848/212
f 1120/927/3 1118/921/3 1037/965/221 1052/962/221
f 1093/857/3 1095/856/3 1070/850/213 1032/849/213
f 1377/966/3 1121/937/3 1050/929/223 1383/928/222
f 1351/967/3 1096/860/3 1031/968/213 1291/969/212
f 1121/937/3 1123/936/3 1064/930/223 1050/929/223
f 1096/860/3 1094/854/3 1069/970/213 1031/968/213
f 1379/971/3 1124/940/3 1061/972/223 1381/973/222
f 1353/974/3 1097/870/3 1029/862/215 1303/861/214
f 1124/940/3 1122/934/3 1051/975/223 1061/972/223
f 1097/870/3 1099/869/3 1044/863/215 1029/862/215
f 1355/976/3 1100/873/3 1043/977/215 1305/978/214
f 1329/979/3 1073/805/3 1063/797/207 1285/796/206
f 1100/873/3 1098/867/3 1030/980/215 1043/977/215
f 1073/805/3 1075/804/3 1062/798/207 1063/797/207
f 1357/981/3 1101/884/3 1041/876/217 1313/875/216
f 1331/982/3 1076/808/3 1023/983/207 1283/984/206
f 1101/884/3 1103/883/3 1056/877/217 1041/876/217
f 1076/808/3 1074/802/3 1024/985/207 1023/983/207
f 1359/986/3 1104/887/3 1055/987/217 1315/988/216
f 1333/989/3 1077/726/3 1021/729/204 1295/809/205
f 1104/887/3 1102/881/3 1042/990/217 1055/987/217
f 1078/715/3 1334/812/3 1296/991/205 1022/716/204
f 1334/812/3 1333/989/3 1295/809/205 1296/991/205
f 1103/883/3 1360/886/3 1316/878/216 1056/877/217
f 1360/886/3 1359/986/3 1315/988/216 1316/878/216
f 1075/804/3 1332/807/3 1284/799/206 1062/798/207
f 1332/807/3 1331/982/3 1283/984/206 1284/799/206
f 1102/881/3 1358/880/3 1314/992/216 1042/990/217
f 1358/880/3 1357/981/3 1313/875/216 1314/992/216
f 1074/802/3 1330/801/3 1286/993/206 1024/985/207
f 1330/801/3 1329/979/3 1285/796/206 1286/993/206
f 1099/869/3 1356/872/3 1306/864/214 1044/863/215
f 1356/872/3 1355/976/3 1305/978/214 1306/864/214
f 1098/867/3 1354/866/3 1304/994/214 1030/980/215
f 1354/866/3 1353/974/3 1303/861/214 1304/994/214
f 1123/936/3 1380/939/3 1382/931/222 1064/930/223
f 1380/939/3 1379/971/3 1381/973/222 1382/931/222
f 1095/856/3 1352/859/3 1292/851/212 1070/850/213
f 1352/859/3 1351/967/3 1291/969/212 1292/851/212
f 1122/934/3 1378/933/3 1384/995/222 1051/975/223
f 1378/933/3 1377/966/3 1383/928/222 1384/995/222
f 1094/854/3 1350/853/3 1326/996/212 1069/970/213
f 1350/853/3 1349/964/3 1325/848/212 1326/996/212
f 1119/923/3 1376/926/3 1312/918/220 1038/917/221
f 1376/926/3 1375/961/3 1311/963/220 1312/918/220
f 1091/843/3 1348/846/3 1294/838/210 1072/837/211
f 1348/846/3 1347/957/3 1293/959/210 1294/838/210
f 1118/921/3 1374/920/3 1300/997/220 1037/965/221
f 1374/920/3 1373/956/3 1299/915/220 1300/997/220
f 1090/841/3 1346/840/3 1328/998/210 1058/960/211
f 1346/840/3 1345/954/3 1327/835/210 1328/998/210
f 1115/910/3 1372/913/3 1302/905/218 1040/904/219
f 1372/913/3 1371/951/3 1301/953/218 1302/905/218
f 1087/830/3 1344/833/3 1320/825/208 1060/824/209
f 1344/833/3 1343/947/3 1319/949/208 1320/825/208
f 1114/908/3 1370/907/3 1386/999/218 1026/955/219
f 1370/907/3 1369/946/3 1385/902/218 1386/999/218
f 1086/828/3 1342/827/3 1318/1000/208 1046/950/209
f 1342/827/3 1341/944/3 1317/822/208 1318/1000/208
f 1111/695/3 1368/900/3 1288/894/201 1066/696/199
f 1368/900/3 1367/941/3 1287/943/201 1288/894/201
f 1019/784/3 1124/940/3 1379/971/3 1282/785/3
f 1282/785/3 1379/971/3 1380/939/3 1281/938/3
f 1017/774/3 1121/937/3 1377/966/3 1279/775/3
f 1279/775/3 1377/966/3 1378/933/3 1280/932/3
f 1051/975/223 1384/995/222 1381/973/222 1061/972/223
f 1384/995/222 1383/928/222 1382/931/222 1381/973/222
f 1015/770/3 1120/927/3 1375/961/3 1278/771/3
f 1278/771/3 1375/961/3 1376/926/3 1277/925/3
f 1013/760/3 1117/924/3 1373/956/3 1275/761/3
f 1275/761/3 1373/956/3 1374/920/3 1276/919/3
f 1037/965/221 1300/997/220 1311/963/220 1052/962/221
f 1300/997/220 1299/915/220 1312/918/220 1311/963/220
f 1011/756/3 1116/914/3 1371/951/3 1274/757/3
f 1274/757/3 1371/951/3 1372/913/3 1273/912/3
f 1009/746/3 1113/911/3 1369/946/3 1271/747/3
f 1271/747/3 1369/946/3 1370/907/3 1272/906/3
f 1026/955/219 1386/999/218 1301/953/218 1039/952/219
f 1386/999/218 1385/902/218 1302/905/218 1301/953/218
f 1007/742/3 1112/901/3 1367/941/3 1270/743/3
f 1270/743/3 1367/941/3 1368/900/3 1269/899/3
f 1005/732/3 1109/694/3 1365/700/3 1267/733/3
f 1267/733/3 1365/700/3 1366/896/3 1268/895/3
f 1065/945/199 1322/1001/201 1287/943/201 1027/942/199
f 1322/1001/201 1321/701/201 1288/894/201 1287/943/201
f 1003/573/3 1108/706/3 1363/712/3 1266/574/3
f 1266/574/3 1363/712/3 1364/893/3 1265/892/3
f 1001/578/3 1105/718/3 1361/724/3 1263/585/3
f 1263/585/3 1361/724/3 1362/890/3 1264/889/3
f 1054/708/202 1324/1002/203 1289/713/203 1067/709/202
f 1324/1002/203 1323/725/203 1290/888/203 1289/713/203
f 999/588/3 1104/887/3 1359/986/3 1262/589/3
f 1262/589/3 1359/986/3 1360/886/3 1261/885/3
f 997/592/3 1101/884/3 1357/981/3 1259/793/3
f 1259/793/3 1357/981/3 1358/880/3 1260/879/3
f 1042/990/217 1314/992/216 1315/988/216 1055/987/217
f 1314/992/216 1313/875/216 1316/878/216 1315/988/216
f 995/874/3 1100/873/3 1355/976/3 1258/1003/3
f 1258/1003/3 1355/976/3 1356/872/3 1257/871/3
f 993/782/3 1097/870/3 1353/974/3 1255/783/3
f 1255/783/3 1353/974/3 1354/866/3 1256/865/3
f 1030/980/215 1304/994/214 1305/978/214 1043/977/215
f 1304/994/214 1303/861/214 1306/864/214 1305/978/214
f 991/779/3 1096/860/3 1351/967/3 1254/780/3
f 1254/780/3 1351/967/3 1352/859/3 1253/858/3
f 989/768/3 1093/857/3 1349/964/3 1251/769/3
f 1251/769/3 1349/964/3 1350/853/3 1252/852/3
f 1069/970/213 1326/996/212 1291/969/212 1031/968/213
f 1326/996/212 1325/848/212 1292/851/212 1291/969/212
f 987/765/3 1092/847/3 1347/957/3 1250/766/3
f 1250/766/3 1347/957/3 1348/846/3 1249/845/3
f 985/754/3 1089/844/3 1345/954/3 1247/755/3
f 1247/755/3 1345/954/3 1346/840/3 1248/839/3
f 1058/960/211 1328/998/210 1293/959/210 1071/958/211
f 1328/998/210 1327/835/210 1294/838/210 1293/959/210
f 983/751/3 1088/834/3 1343/947/3 1246/752/3
f 1246/752/3 1343/947/3 1344/833/3 1245/832/3
f 981/740/3 1085/831/3 1341/944/3 1243/741/3
f 1243/741/3 1341/944/3 1342/827/3 1244/826/3
f 1046/950/209 1318/1000/208 1319/949/208 1059/948/209
f 1318/1000/208 1317/822/208 1320/825/208 1319/949/208
f 979/737/3 1084/690/3 1339/698/3 1242/738/3
f 1242/738/3 1339/698/3 1340/821/3 1241/820/3
f 977/575/3 1081/702/3 1337/710/3 1239/576/3
f 1239/576/3 1337/710/3 1338/818/3 1240/817/3
f 1034/692/198 1308/1004/200 1309/699/200 1047/693/198
f 1308/1004/200 1307/711/200 1310/816/200 1309/699/200
f 975/579/3 1080/714/3 1335/722/3 1238/580/3
f 1238/580/3 1335/722/3 1336/815/3 1237/814/3
f 973/584/3 1077/726/3 1333/989/3 1235/590/3
f 1235/590/3 1333/989/3 1334/812/3 1236/811/3
f 1022/716/204 1296/991/205 1297/723/205 1035/717/204
f 1296/991/205 1295/809/205 1298/810/205 1297/723/205
f 970/593/3 1076/808/3 1331/982/3 1234/594/3
f 1234/594/3 1331/982/3 1332/807/3 1233/806/3
f 972/792/3 1073/805/3 1329/979/3 1232/1005/3
f 1232/1005/3 1329/979/3 1330/801/3 1231/800/3
f 1024/985/207 1286/993/206 1283/984/206 1023/983/207
f 1286/993/206 1285/796/206 1284/799/206 1283/984/206
f 917/1006/3 1179/1007/3 1231/1008/3 969/1009/3
f 1179/1007/3 1180/689/3 1232/795/3 1231/1008/3
f 946/1010/3 1208/1011/3 1260/879/3 998/882/3
f 1208/1011/3 1207/685/3 1259/793/3 1260/879/3
f 968/669/3 1229/1012/3 1281/938/3 1020/781/3
f 1229/1012/3 1230/676/3 1282/785/3 1281/938/3
f 942/1013/3 1204/1014/3 1256/865/3 994/868/3
f 1204/1014/3 1203/672/3 1255/783/3 1256/865/3
f 940/662/3 1201/1015/3 1253/858/3 992/776/3
f 1201/1015/3 1202/668/3 1254/780/3 1253/858/3
f 966/1016/3 1228/1017/3 1280/932/3 1018/935/3
f 1228/1017/3 1227/661/3 1279/775/3 1280/932/3
f 964/649/3 1225/1018/3 1277/925/3 1016/767/3
f 1225/1018/3 1226/656/3 1278/771/3 1277/925/3
f 938/1019/3 1200/1020/3 1252/852/3 990/855/3
f 1200/1020/3 1199/652/3 1251/769/3 1252/852/3
f 936/642/3 1197/1021/3 1249/845/3 988/762/3
f 1197/1021/3 1198/648/3 1250/766/3 1249/845/3
f 962/1022/3 1224/1023/3 1276/919/3 1014/922/3
f 1224/1023/3 1223/641/3 1275/761/3 1276/919/3
f 960/629/3 1221/1024/3 1273/912/3 1012/753/3
f 1221/1024/3 1222/636/3 1274/757/3 1273/912/3
f 934/1025/3 1196/1026/3 1248/839/3 986/842/3
f 1196/1026/3 1195/632/3 1247/755/3 1248/839/3
f 932/622/3 1193/1027/3 1245/832/3 984/748/3
f 1193/1027/3 1194/628/3 1246/752/3 1245/832/3
f 958/1028/3 1220/1029/3 1272/906/3 1010/909/3
f 1220/1029/3 1219/621/3 1271/747/3 1272/906/3
f 956/609/3 1217/1030/3 1269/899/3 1008/739/3
f 1217/1030/3 1218/616/3 1270/743/3 1269/899/3
f 930/1031/3 1192/1032/3 1244/826/3 982/829/3
f 1192/1032/3 1191/612/3 1243/741/3 1244/826/3
f 928/602/3 1189/1033/3 1241/820/3 980/734/3
f 1189/1033/3 1190/608/3 1242/738/3 1241/820/3
f 954/1034/3 1216/1035/3 1268/895/3 1006/898/3
f 1216/1035/3 1215/601/3 1267/733/3 1268/895/3
f 1106/707/3 1362/890/3 1324/1002/203 1054/708/202
f 1362/890/3 1361/724/3 1323/725/203 1324/1002/203
f 1079/727/3 1336/815/3 1298/810/205 1036/728/204
f 1336/815/3 1335/722/3 1297/723/205 1298/810/205
f 1107/719/3 1364/893/3 1290/888/203 1068/720/202
f 1364/893/3 1363/712/3 1289/713/203 1290/888/203
f 1082/691/3 1338/818/3 1308/1004/200 1034/692/198
f 1338/818/3 1337/710/3 1307/711/200 1308/1004/200
f 1110/897/3 1366/896/3 1322/1001/201 1065/945/199
f 1366/896/3 1365/700/3 1321/701/201 1322/1001/201
f 1083/703/3 1340/821/3 1310/816/200 1048/704/198
f 1340/821/3 1339/698/3 1309/699/200 1310/816/200
f 865/1036/3 1127/1037/3 1179/1007/3 917/1006/3
f 1127/1037/3 1128/686/3 1180/689/3 1179/1007/3
f 894/1038/3 1156/1039/3 1208/1011/3 946/1010/3
f 1156/1039/3 1155/684/3 1207/685/3 1208/1011/3
f 916/550/3 1177/1040/3 1229/1012/3 968/669/3
f 1177/1040/3 1178/673/3 1230/676/3 1229/1012/3
f 890/1041/3 1152/1042/3 1204/1014/3 942/1013/3
f 1152/1042/3 1151/670/3 1203/672/3 1204/1014/3
f 888/500/3 1149/1043/3 1201/1015/3 940/662/3
f 1149/1043/3 1150/665/3 1202/668/3 1201/1015/3
f 914/1044/3 1176/1045/3 1228/1017/3 966/1016/3
f 1176/1045/3 1175/659/3 1227/661/3 1228/1017/3
f 912/512/3 1173/1046/3 1225/1018/3 964/649/3
f 1173/1046/3 1174/653/3 1226/656/3 1225/1018/3
f 886/1047/3 1148/1048/3 1200/1020/3 938/1019/3
f 1148/1048/3 1147/650/3 1199/652/3 1200/1020/3
f 884/19/3 1145/1049/3 1197/1021/3 936/642/3
f 1145/1049/3 1146/645/3 1198/648/3 1197/1021/3
f 910/1050/3 1172/1051/3 1224/1023/3 962/1022/3
f 1172/1051/3 1171/639/3 1223/641/3 1224/1023/3
f 908/476/3 1169/1052/3 1221/1024/3 960/629/3
f 1169/1052/3 1170/633/3 1222/636/3 1221/1024/3
f 882/1053/3 1144/1054/3 1196/1026/3 934/1025/3
f 1144/1054/3 1143/630/3 1195/632/3 1196/1026/3
f 880/87/3 1141/1055/3 1193/1027/3 932/622/3
f 1141/1055/3 1142/625/3 1194/628/3 1193/1027/3
f 906/1056/3 1168/1057/3 1220/1029/3 958/1028/3
f 1168/1057/3 1167/619/3 1219/621/3 1220/1029/3
f 904/67/3 1165/1058/3 1217/1030/3 956/609/3
f 1165/1058/3 1166/613/3 1218/616/3 1217/1030/3
f 878/1059/3 1140/1060/3 1192/1032/3 930/1031/3
f 1140/1060/3 1139/610/3 1191/612/3 1192/1032/3
f 876/556/3 1137/1061/3 1189/1033/3 928/602/3
f 1137/1061/3 1138/605/3 1190/608/3 1189/1033/3
f 902/1062/3 1164/1063/3 1216/1035/3 954/1034/3
f 1164/1063/3 1163/599/3 1215/601/3 1216/1035/3
f 919/682/3 1181/1064/3 1233/806/3 971/791/3
f 1181/1064/3 1182/465/3 1234/594/3 1233/806/3
f 922/1065/3 1184/1066/3 1236/811/3 974/813/3
f 1184/1066/3 1183/457/3 1235/590/3 1236/811/3
f 948/460/3 1209/1067/3 1261/885/3 1000/591/3
f 1209/1067/3 1210/455/3 1262/589/3 1261/885/3
f 950/1068/3 1212/1069/3 1264/889/3 1002/891/3
f 1212/1069/3 1211/447/3 1263/585/3 1264/889/3
f 924/444/3 1185/1070/3 1237/814/3 976/583/3
f 1185/1070/3 1186/437/3 1238/580/3 1237/814/3
f 926/1071/3 1188/1072/3 1240/817/3 978/819/3
f 1188/1072/3 1187/429/3 1239/576/3 1240/817/3
f 952/432/3 1213/1073/3 1265/892/3 1004/577/3
f 1213/1073/3 1214/425/3 1266/574/3 1265/892/3
f 13/1074/44 1400/1075/12 1140/1076/3 878/1077/3
f 1400/1075/12 1399/569/12 1139/572/3 1140/1076/3
f 48/1078/35 1421/1079/38 1161/1080/3 900/1081/3
f 1421/1079/38 1422/565/38 1162/568/3 1161/1080/3
f 12/1082/13 1397/1083/12 1137/1084/3 876/1085/3
f 1397/1083/12 1398/561/12 1138/564/3 1137/1084/3
f 64/1086/46 1437/1087/45 1177/1088/3 916/1089/3
f 1437/1087/45 1438/557/45 1178/560/3 1177/1088/3
f 45/1090/54 1420/1091/36 1160/1092/3 898/1093/3
f 1420/1091/36 1419/552/36 1159/555/3 1160/1092/3
f 9/1094/48 1396/1095/8 1136/1096/3 874/1097/3
f 1396/1095/8 1395/542/8 1135/545/3 1136/1096/3
f 61/1098/55 1436/1099/42 1176/1100/3 914/1101/3
f 1436/1099/42 1435/536/42 1175/539/3 1176/1100/3
f 44/1102/37 1417/1103/36 1157/1104/3 896/1105/3
f 1417/1103/36 1418/530/36 1158/533/3 1157/1104/3
f 25/1106/50 1412/1107/20 1152/1108/3 890/1109/3
f 1412/1107/20 1411/526/20 1151/529/3 1152/1108/3
f 8/1110/9 1393/1111/8 1133/1112/3 872/1113/3
f 1393/1111/8 1394/522/8 1134/525/3 1133/1112/3
f 60/1114/43 1433/1115/42 1173/1116/3 912/1117/3
f 1433/1115/42 1434/518/42 1174/521/3 1173/1116/3
f 41/1118/53 1416/1119/34 1156/1120/3 894/1121/3
f 1416/1119/34 1415/514/34 1155/517/3 1156/1120/3
f 24/1122/21 1409/1123/20 1149/1124/3 888/1125/3
f 1409/1123/20 1410/508/20 1150/511/3 1149/1124/3
f 5/1126/47 1392/1127/4 1132/1128/3 870/1129/3
f 1392/1127/4 1391/502/4 1131/505/3 1132/1128/3
f 57/1130/1 1432/1131/40 1172/1132/3 910/1133/3
f 1432/1131/40 1431/496/40 1171/499/3 1172/1132/3
f 21/1134/17 1408/1135/19 1148/1136/3 886/1137/3
f 1408/1135/19 1407/490/19 1147/493/3 1148/1136/3
f 4/1138/5 1389/1139/4 1129/1140/3 867/1141/3
f 1389/1139/4 1390/486/4 1130/489/3 1129/1140/3
f 56/1142/41 1429/1143/40 1169/1144/3 908/1145/3
f 1429/1143/40 1430/482/40 1170/485/3 1169/1144/3
f 1/1146/7 1387/1147/45 1127/1148/3 865/1149/3
f 1387/1147/45 1388/478/45 1128/481/3 1127/1148/3
f 20/1150/11 1405/1151/19 1145/1152/3 884/1153/3
f 1405/1151/19 1406/470/19 1146/473/3 1145/1152/3
f 867/474/3 1129/1154/3 1181/1064/3 919/682/3
f 1129/1154/3 1130/462/3 1182/465/3 1181/1064/3
f 870/1155/3 1132/1156/3 1184/1066/3 922/1065/3
f 1132/1156/3 1131/456/3 1183/457/3 1184/1066/3
f 896/459/3 1157/1157/3 1209/1067/3 948/460/3
f 1157/1157/3 1158/452/3 1210/455/3 1209/1067/3
f 898/1158/3 1160/1159/3 1212/1069/3 950/1068/3
f 1160/1159/3 1159/446/3 1211/447/3 1212/1069/3
f 872/443/3 1133/1160/3 1185/1070/3 924/444/3
f 1133/1160/3 1134/434/3 1186/437/3 1185/1070/3
f 874/1161/3 1136/1162/3 1188/1072/3 926/1071/3
f 1136/1162/3 1135/426/3 1187/429/3 1188/1072/3
f 900/431/3 1161/1163/3 1213/1073/3 952/432/3
f 1161/1163/3 1162/422/3 1214/425/3 1213/1073/3
f 63/1164/7 1438/1165/45 1387/1166/45 1/1167/7
f 1437/107/45 1388/110/45 1387/1166/45 1438/1165/45
f 59/1168/55 1434/1169/42 1436/1170/42 61/1171/55
f 49/1172/39 1424/1173/38 1164/1174/3 902/1175/3
f 1424/1173/38 1423/93/38 1163/96/3 1164/1174/3
f 55/1176/1 1430/1177/40 1432/1178/40 57/1179/1
f 51/1180/2 1426/1181/14 1428/1182/14 53/1183/2
f 47/1184/39 1422/1185/38 1424/1186/38 49/1187/39
f 16/1188/10 1401/1189/16 1141/1190/3 880/1191/3
f 1401/1189/16 1402/73/16 1142/76/3 1141/1190/3
f 43/1192/54 1418/1193/36 1420/1194/36 45/1195/54
f 39/1196/52 1414/1197/31 1416/1198/34 41/1199/53
f 52/1200/15 1425/1201/14 1165/1202/3 904/1203/3
f 1425/1201/14 1426/47/14 1166/50/3 1165/1202/3
f 23/1204/49 1410/1205/20 1412/1206/20 25/1207/50
f 1412/1206/20 1410/1205/20 1409/43/20 1411/46/20
f 17/1208/18 1404/1209/16 1144/1210/3 882/1211/3
f 1404/1209/16 1403/39/16 1143/42/3 1144/1210/3
f 19/1212/17 1406/1213/19 1408/1214/19 21/1215/17
f 1408/1214/19 1406/1213/19 1405/36/19 1407/38/19
f 15/1216/18 1402/1217/16 1404/1218/16 17/1219/18
f 1404/1218/16 1402/1217/16 1401/29/16 1403/31/16
f 53/1220/2 1428/1221/14 1168/1222/3 906/1223/3
f 1428/1221/14 1427/25/14 1167/28/3 1168/1222/3
f 11/1224/44 1398/1225/12 1400/1226/12 13/1227/44
f 1400/1226/12 1398/1225/12 1397/21/12 1399/24/12
f 7/1228/48 1394/1229/8 1396/1230/8 9/1231/48
f 1396/1230/8 1394/1229/8 1393/13/8 1395/16/8
f 3/1232/6 1390/1233/4 1392/1234/4 5/1235/47
f 1392/1234/4 1390/1233/4 1389/5/4 1391/8/4
f 1418/1193/36 1417/69/36 1419/72/36 1420/1194/36
f 1436/1170/42 1434/1169/42 1433/97/42 1435/100/42
f 1430/1177/40 1429/89/40 1431/92/40 1432/1178/40
f 1426/1181/14 1425/84/14 1427/86/14 1428/1182/14
f 1422/1185/38 1421/77/38 1423/79/38 1424/1186/38
f 1414/1197/31 1413/61/31 1415/64/34 1416/1198/34
f 152/312/154 118/311/142 1439/261/118 1470/255/112
f 151/319/160 152/312/154 1470/255/112 1469/248/105
f 150/325/163 151/319/160 1469/248/105 1468/247/104
f 149/331/168 150/325/163 1468/247/104 1467/1236/224
f 148/337/130 149/331/168 1467/1236/224 1466/1237/177
f 147/341/128 148/337/130 1466/1237/177 1465/1238/179
f 146/345/125 147/341/128 1465/1238/179 1464/1239/181
f 145/349/123 146/345/125 1464/1239/181 1463/1240/183
f 144/353/121 145/349/123 1463/1240/183 1462/1241/149
f 143/357/120 144/353/121 1462/1241/149 1461/1242/225
f 142/297/115 143/357/120 1461/1242/225 1460/1243/152
f 141/298/145 142/297/115 1460/1243/152 1459/1244/226
f 140/305/150 141/298/145 1459/1244/226 1458/1245/227
f 137/309/153 140/305/150 1458/1245/227 1457/1246/228
f 136/317/158 137/309/153 1457/1246/228 1456/295/143
f 135/323/119 136/317/158 1456/295/143 1455/293/116
f 134/329/167 135/323/119 1455/293/116 1454/290/139
f 133/335/171 134/329/167 1454/290/139 1453/287/136
f 130/339/172 133/335/171 1453/287/136 1452/284/134
f 129/343/174 130/339/172 1452/284/134 1451/280/131
f 128/347/176 129/343/174 1451/280/131 1450/278/129
f 127/351/178 128/347/176 1450/278/129 1449/276/127
f 126/355/180 127/351/178 1449/276/127 1448/272/103
f 125/359/182 126/355/180 1448/272/103 1447/269/102
f 124/301/146 125/359/182 1447/269/102 1446/266/111
f 123/302/147 124/301/146 1446/266/111 1445/263/117
f 122/307/151 123/302/147 1445/263/117 1444/257/114
f 121/315/156 122/307/151 1444/257/114 1443/251/108
f 120/321/162 121/315/156 1443/251/108 1442/240/97
f 119/327/165 120/321/162 1442/240/97 1441/239/96
f 117/333/170 119/327/165 1441/239/96 1440/1247/229
f 118/311/142 117/333/170 1440/1247/229 1439/261/118
f 1467/1236/224 1468/247/104 1531/250/107 1530/1248/230
f 215/223/87 214/217/85 1496/246/103 1497/1249/231
f 193/226/89 192/222/86 1474/244/101 1475/1250/157
f 1440/1247/229 1441/239/96 1504/242/99 1503/1251/232
f 1466/1237/177 1467/1236/224 1530/1248/230 1529/1252/176
f 216/227/90 215/223/87 1497/1249/231 1498/1253/129
f 194/229/91 193/226/89 1475/1250/157 1476/1254/152
f 1439/261/118 1440/1247/229 1503/1251/232 1534/262/119
f 1465/1238/179 1466/1237/177 1529/1252/176 1528/1255/178
f 217/230/92 216/227/90 1498/1253/129 1499/1256/169
f 195/232/94 194/229/91 1476/1254/152 1477/1257/225
f 1464/1239/181 1465/1238/179 1528/1255/178 1527/1258/180
f 218/233/95 217/230/92 1499/1256/169 1500/1259/164
f 196/145/63 195/232/94 1477/1257/225 1478/1260/149
f 1463/1240/183 1464/1239/181 1527/1258/180 1526/1261/233
f 219/192/68 218/233/95 1500/1259/164 1501/1262/234
f 197/146/64 196/145/63 1478/1260/149 1479/1263/183
f 1462/1241/149 1463/1240/183 1526/1261/233 1525/1264/146
f 220/193/69 219/192/68 1501/1262/234 1502/1265/155
f 198/196/70 197/146/64 1479/1263/183 1480/1266/181
f 1461/1242/225 1462/1241/149 1525/1264/146 1524/1267/147
f 190/197/3 220/193/69 1502/1265/155 1472/1268/116
f 199/200/73 198/196/70 1480/1266/181 1481/1269/235
f 1460/1243/152 1461/1242/225 1524/1267/147 1523/1270/151
f 200/203/75 199/200/73 1481/1269/235 1482/1271/177
f 1459/1244/226 1460/1243/152 1523/1270/151 1522/1272/236
f 201/205/77 200/203/75 1482/1271/177 1483/1273/175
f 1458/1245/227 1459/1244/226 1522/1272/236 1521/1274/237
f 202/207/79 201/205/77 1483/1273/175 1484/1275/173
f 1457/1246/228 1458/1245/227 1521/1274/237 1520/1276/238
f 1456/295/143 1457/1246/228 1520/1276/238 1519/296/144
f 203/215/83 202/214/79 1484/1277/173 1485/1278/141
usemtl darkermetal
f 37/1279/30 38/1280/29 69/1281/239 70/1282/56
f 30/1283/23 68/1284/240 293/1285/186 289/1286/241
f 66/1287/57 65/1288/188 68/1284/240 67/1289/58
f 70/1282/56 69/1281/239 72/1290/187 71/1291/57
f 68/1284/240 65/1288/188 294/1292/190 293/1285/186
f 66/1293/57 27/1294/51 74/1295/184 78/1296/185
f 72/1297/187 40/1298/32 75/1299/186 79/1300/187
f 30/1283/23 29/1301/22 67/1289/58 68/1284/240
f 80/1302/62 79/1303/187 279/1304/242 280/1305/243
f 65/1288/188 66/1287/57 78/1306/185 77/1307/60
f 27/1308/51 1126/1309/244 1125/1310/245 28/1311/67 73/1312/59 74/1313/184
f 71/1291/57 72/1290/187 79/1303/187 80/1302/62
f 40/1314/32 1413/1315/31 1414/1316/31 39/1317/52 76/1318/58 75/1319/186
f 28/1320/67 65/1321/188 77/1322/60 73/1323/59
f 272/1324/61 270/1325/61 274/1326/246 276/1327/247
f 278/1328/248 280/1329/243 288/1330/58 286/1331/197
f 271/1332/61 272/1333/61 276/1334/247 275/1335/249
f 269/1336/61 271/1337/61 275/1338/249 273/1339/250
f 270/1340/61 269/1341/61 273/1342/250 274/1343/246
f 273/1339/250 275/1338/249 283/1344/190 281/1345/251
f 75/1319/186 76/1318/58 278/1346/248 277/1347/252
f 79/1300/187 75/1299/186 277/1348/252 279/1349/242
f 76/1350/58 80/1351/62 280/1329/243 278/1328/248
f 282/1352/194 281/1353/251 283/1354/190 284/1355/56
f 285/1356/253 286/1357/197 288/1358/58 287/1359/186
f 274/1343/246 273/1342/250 281/1353/251 282/1352/194
f 280/1305/243 279/1304/242 287/1359/186 288/1358/58
f 276/1327/247 274/1326/246 282/1360/194 284/1361/56
f 275/1335/249 276/1334/247 284/1355/56 283/1354/190
f 279/1349/242 277/1348/252 285/1362/253 287/1363/186
f 277/1347/252 278/1346/248 286/1357/197 285/1356/253
f 292/1364/189 291/1365/241 295/1366/186 296/1367/190
f 290/1368/189 289/1369/241 293/1370/186 294/1371/190
f 307/1372/254 306/1373/189 304/1374/251 303/1375/255
f 69/1281/239 38/1280/29 292/1376/189 296/1377/190
f 40/1298/32 72/1297/187 295/1366/186 291/1365/241
f 72/1290/187 69/1281/239 296/1377/190 295/1378/186
f 306/1379/189 305/1380/191 300/1381/194 304/1382/251
f 298/1383/193 297/1384/197 301/1385/253 302/1386/255
f 300/1387/194 299/1388/193 303/1375/255 304/1374/251
f 310/1389/196 309/1390/241 301/1391/253 297/1392/197
f 326/1393/255 325/1394/193 316/1395/197 315/1396/256
f 309/1397/241 312/1398/257 302/1386/255 301/1385/253
f 40/1298/32 291/1365/241 307/1372/254 308/1399/192
f 292/1376/189 38/1280/29 305/1380/191 306/1379/189
f 291/1365/241 292/1364/189 306/1373/189 307/1372/254
f 289/1369/241 290/1368/189 312/1398/257 309/1397/241
f 290/1368/189 28/1320/67 311/1400/195 312/1398/257
f 30/1283/23 289/1286/241 309/1390/241 310/1389/196
f 319/1401/58 318/1402/258 315/1396/256 316/1395/197
f 320/1403/259 317/1404/56 314/1405/194 313/1406/260
f 333/1407/261 334/1408/261 488/1409/255 493/1410/255 496/1411/255 508/1412/255 507/1413/255 490/1414/262 461/1415/263 466/1416/255 469/1417/255 481/1418/255 480/1419/255 463/1420/255
f 323/1421/193 322/1422/255 313/1406/260 314/1405/194
f 328/1423/57 327/1424/264 318/1402/258 319/1401/58
f 321/1425/264 324/1426/57 317/1404/56 320/1403/259
f 312/1398/257 311/1400/195 324/1426/57 321/1425/264
f 298/1383/193 302/1386/255 322/1422/255 323/1421/193
f 322/1422/255 302/1386/255 333/1407/261 335/1427/261
f 308/1399/192 307/1372/254 327/1424/264 328/1423/57
f 303/1375/255 299/1388/193 325/1394/193 326/1393/255
f 303/1375/255 326/1393/255 343/1428/261 341/1429/261
f 313/1406/260 322/1422/255 434/1430/255 439/1431/255 442/1432/255 454/1433/255 453/1434/255 436/1435/265 354/1436/266 366/1437/255 369/1438/255 357/1439/255 356/1440/255 353/1441/255
f 321/1425/264 320/1403/259 382/1442/255 401/1443/255 404/1444/255 392/1445/255 391/1446/255 381/1447/267 407/1448/268 412/1449/255 415/1450/255 427/1451/255 426/1452/255 409/1453/255
f 322/1422/255 321/1425/264 409/1453/255 428/1454/255 431/1455/255 419/1456/255 418/1457/255 408/1458/269 435/1459/270 447/1460/255 450/1461/255 438/1462/255 437/1463/255 434/1430/255
f 336/1464/261 335/1427/261 517/1465/255 536/1466/255 539/1467/255 527/1468/255 526/1469/255 516/1470/271 543/1471/272 555/1472/255 558/1473/255 546/1474/255 545/1475/255 542/1476/255
f 321/1425/264 322/1422/255 335/1427/261 336/1464/261
f 302/1386/255 312/1398/257 334/1408/261 333/1407/261
f 312/1398/257 321/1425/264 336/1464/261 334/1408/261
f 335/1427/261 333/1407/261 463/1420/255 482/1477/255 485/1478/255 473/1479/255 472/1480/255 462/1481/265 515/1482/266 520/1483/255 523/1484/255 535/1485/255 534/1486/255 517/1465/255
f 342/1487/261 341/1429/261 569/1488/255 574/1489/255 577/1490/255 589/1491/255 588/1492/255 571/1493/271 596/1494/272 601/1495/255 604/1496/255 616/1497/255 615/1498/255 598/1499/255
f 334/1408/261 336/1464/261 542/1476/255 547/1500/255 550/1501/255 562/1502/255 561/1503/255 544/1504/267 489/1505/268 501/1506/255 504/1507/255 492/1508/255 491/1509/255 488/1409/255
f 343/1428/261 344/1510/261 652/1511/255 671/1512/255 674/1513/255 662/1514/255 661/1515/255 651/1516/262 624/1517/263 636/1518/255 639/1519/255 627/1520/255 626/1521/255 623/1522/255
f 326/1393/255 327/1424/264 344/1510/261 343/1428/261
f 327/1424/264 307/1372/254 342/1487/261 344/1510/261
f 307/1372/254 303/1375/255 341/1429/261 342/1487/261
f 341/1429/261 343/1428/261 623/1522/255 628/1523/255 631/1524/255 643/1525/255 642/1526/255 625/1527/265 570/1528/266 582/1529/255 585/1530/255 573/1531/255 572/1532/255 569/1488/255
f 315/1396/256 318/1402/258 704/1533/255 709/1534/255 712/1535/255 724/1536/255 723/1537/255 706/1538/262 677/1539/263 682/1540/255 685/1541/255 697/1542/255 696/1543/255 679/1544/255
f 344/1510/261 342/1487/261 598/1499/255 617/1545/255 620/1546/255 608/1547/255 607/1548/255 597/1549/267 650/1550/268 655/1551/255 658/1552/255 670/1553/255 669/1554/255 652/1511/255
f 326/1393/255 315/1396/256 679/1544/255 698/1555/255 701/1556/255 689/1557/255 688/1558/255 678/1559/265 731/1560/266 736/1561/255 739/1562/255 751/1563/255 750/1564/255 733/1565/255
f 318/1402/258 327/1424/264 758/1566/255 763/1567/255 766/1568/255 778/1569/255 777/1570/255 760/1571/267 705/1572/268 717/1573/255 720/1574/255 708/1575/255 707/1576/255 704/1533/255
f 327/1424/264 326/1393/255 733/1565/255 752/1577/255 755/1578/255 743/1579/255 742/1580/255 732/1581/271 759/1582/272 771/1583/255 774/1584/255 762/1585/255 761/1586/255 758/1566/255
f 353/1441/255 356/1440/255 359/1587/255 358/1588/255
f 356/1440/255 357/1439/255 360/1589/255 359/1587/255
f 357/1439/255 369/1438/255 370/1590/255 360/1589/255
f 358/1588/255 359/1587/255 362/1591/255 361/1592/255
f 359/1587/255 360/1589/255 363/1593/255 362/1591/255
f 360/1589/255 370/1590/255 371/1594/255 363/1593/255
f 354/1436/266 364/1595/273 367/1596/255 366/1437/255
f 364/1595/273 365/1597/274 368/1598/255 367/1596/255
f 365/1597/274 377/1599/275 378/1600/255 368/1598/255
f 366/1437/255 367/1596/255 370/1590/255 369/1438/255
f 367/1596/255 368/1598/255 371/1594/255 370/1590/255
f 368/1598/255 378/1600/255 379/1601/255 371/1594/255
f 355/1602/276 372/1603/255 375/1604/255 374/1605/277
f 372/1603/255 373/1606/255 376/1607/255 375/1604/255
f 373/1606/255 361/1592/255 362/1591/255 376/1607/255
f 374/1605/277 375/1604/255 378/1600/255 377/1599/275
f 375/1604/255 376/1607/255 379/1601/255 378/1600/255
f 376/1607/255 362/1591/255 363/1593/255 379/1601/255
f 363/1593/255 371/1594/255 379/1601/255
f 380/1608/278 383/1609/279 386/1610/255 385/1611/255
f 383/1609/279 384/1612/280 387/1613/255 386/1610/255
f 384/1612/280 396/1614/281 397/1615/255 387/1613/255
f 385/1611/255 386/1610/255 389/1616/255 388/1617/255
f 386/1610/255 387/1613/255 390/1618/255 389/1616/255
f 387/1613/255 397/1615/255 398/1619/255 390/1618/255
f 381/1447/267 391/1446/255 394/1620/255 393/1621/282
f 391/1446/255 392/1445/255 395/1622/255 394/1620/255
f 392/1445/255 404/1444/255 405/1623/255 395/1622/255
f 393/1621/282 394/1620/255 397/1615/255 396/1614/281
f 394/1620/255 395/1622/255 398/1619/255 397/1615/255
f 395/1622/255 405/1623/255 406/1624/255 398/1619/255
f 382/1442/255 399/1625/255 402/1626/255 401/1443/255
f 399/1625/255 400/1627/255 403/1628/255 402/1626/255
f 400/1627/255 388/1617/255 389/1616/255 403/1628/255
f 401/1443/255 402/1626/255 405/1623/255 404/1444/255
f 402/1626/255 403/1628/255 406/1624/255 405/1623/255
f 403/1628/255 389/1616/255 390/1618/255 406/1624/255
f 390/1618/255 398/1619/255 406/1624/255
f 407/1448/268 410/1629/283 413/1630/255 412/1449/255
f 410/1629/283 411/1631/284 414/1632/255 413/1630/255
f 411/1631/284 423/1633/285 424/1634/255 414/1632/255
f 412/1449/255 413/1630/255 416/1635/255 415/1450/255
f 413/1630/255 414/1632/255 417/1636/255 416/1635/255
f 414/1632/255 424/1634/255 425/1637/255 417/1636/255
f 408/1458/269 418/1457/255 421/1638/255 420/1639/286
f 418/1457/255 419/1456/255 422/1640/255 421/1638/255
f 419/1456/255 431/1455/255 432/1641/255 422/1640/255
f 420/1639/286 421/1638/255 424/1634/255 423/1633/285
f 421/1638/255 422/1640/255 425/1637/255 424/1634/255
f 422/1640/255 432/1641/255 433/1642/255 425/1637/255
f 409/1453/255 426/1452/255 429/1643/255 428/1454/255
f 426/1452/255 427/1451/255 430/1644/255 429/1643/255
f 427/1451/255 415/1450/255 416/1635/255 430/1644/255
f 428/1454/255 429/1643/255 432/1641/255 431/1455/255
f 429/1643/255 430/1644/255 433/1642/255 432/1641/255
f 430/1644/255 416/1635/255 417/1636/255 433/1642/255
f 417/1636/255 425/1637/255 433/1642/255
f 434/1430/255 437/1463/255 440/1645/255 439/1431/255
f 437/1463/255 438/1462/255 441/1646/255 440/1645/255
f 438/1462/255 450/1461/255 451/1647/255 441/1646/255
f 439/1431/255 440/1645/255 443/1648/255 442/1432/255
f 440/1645/255 441/1646/255 444/1649/287 443/1648/255
f 441/1646/255 451/1647/255 452/1650/255 444/1649/287
f 435/1459/270 445/1651/288 448/1652/255 447/1460/255
f 445/1651/288 446/1653/289 449/1654/255 448/1652/255
f 446/1653/289 458/1655/290 459/1656/255 449/1654/255
f 447/1460/255 448/1652/255 451/1647/255 450/1461/255
f 448/1652/255 449/1654/255 452/1650/255 451/1647/255
f 449/1654/255 459/1656/255 460/1657/255 452/1650/255
f 436/1435/265 453/1434/255 456/1658/255 455/1659/291
f 453/1434/255 454/1433/255 457/1660/255 456/1658/255
f 454/1433/255 442/1432/255 443/1648/255 457/1660/255
f 455/1659/291 456/1658/255 459/1656/255 458/1655/290
f 456/1658/255 457/1660/255 460/1657/255 459/1656/255
f 457/1660/255 443/1648/255 444/1649/287 460/1657/255
f 444/1649/287 452/1650/255 460/1657/255
f 461/1415/263 464/1661/288 467/1662/255 466/1416/255
f 464/1661/288 465/1663/289 468/1664/255 467/1662/255
f 465/1663/289 477/1665/290 478/1666/255 468/1664/255
f 466/1416/255 467/1662/255 470/1667/255 469/1417/255
f 467/1662/255 468/1664/255 471/1668/255 470/1667/255
f 468/1664/255 478/1666/255 479/1669/255 471/1668/255
f 462/1481/265 472/1480/255 475/1670/255 474/1671/291
f 472/1480/255 473/1479/255 476/1672/255 475/1670/255
f 473/1479/255 485/1478/255 486/1673/255 476/1672/255
f 474/1671/291 475/1670/255 478/1666/255 477/1665/290
f 475/1670/255 476/1672/255 479/1669/255 478/1666/255
f 476/1672/255 486/1673/255 487/1674/287 479/1669/255
f 463/1420/255 480/1419/255 483/1675/255 482/1477/255
f 480/1419/255 481/1418/255 484/1676/255 483/1675/255
f 481/1418/255 469/1417/255 470/1667/255 484/1676/255
f 482/1477/255 483/1675/255 486/1673/255 485/1478/255
f 483/1675/255 484/1676/255 487/1674/287 486/1673/255
f 484/1676/255 470/1667/255 471/1668/255 487/1674/287
f 471/1668/255 479/1669/255 487/1674/287
f 488/1409/255 491/1509/255 494/1677/255 493/1410/255
f 491/1509/255 492/1508/255 495/1678/255 494/1677/255
f 492/1508/255 504/1507/255 505/1679/255 495/1678/255
f 493/1410/255 494/1677/255 497/1680/255 496/1411/255
f 494/1677/255 495/1678/255 498/1681/255 497/1680/255
f 495/1678/255 505/1679/255 506/1682/255 498/1681/255
f 489/1505/268 499/1683/283 502/1684/255 501/1506/255
f 499/1683/283 500/1685/284 503/1686/255 502/1684/255
f 500/1685/284 512/1687/285 513/1688/255 503/1686/255
f 501/1506/255 502/1684/255 505/1679/255 504/1507/255
f 502/1684/255 503/1686/255 506/1682/255 505/1679/255
f 503/1686/255 513/1688/255 514/1689/255 506/1682/255
f 490/1414/262 507/1413/255 510/1690/255 509/1691/286
f 507/1413/255 508/1412/255 511/1692/255 510/1690/255
f 508/1412/255 496/1411/255 497/1680/255 511/1692/255
f 509/1691/286 510/1690/255 513/1688/255 512/1687/285
f 510/1690/255 511/1692/255 514/1689/255 513/1688/255
f 511/1692/255 497/1680/255 498/1681/255 514/1689/255
f 498/1681/255 506/1682/255 514/1689/255
f 515/1482/266 518/1693/273 521/1694/255 520/1483/255
f 518/1693/273 519/1695/274 522/1696/255 521/1694/255
f 519/1695/274 531/1697/275 532/1698/255 522/1696/255
f 520/1483/255 521/1694/255 524/1699/255 523/1484/255
f 521/1694/255 522/1696/255 525/1700/255 524/1699/255
f 522/1696/255 532/1698/255 533/1701/255 525/1700/255
f 516/1470/271 526/1469/255 529/1702/255 528/1703/277
f 526/1469/255 527/1468/255 530/1704/255 529/1702/255
f 527/1468/255 539/1467/255 540/1705/255 530/1704/255
f 528/1703/277 529/1702/255 532/1698/255 531/1697/275
f 529/1702/255 530/1704/255 533/1701/255 532/1698/255
f 530/1704/255 540/1705/255 541/1706/255 533/1701/255
f 517/1465/255 534/1486/255 537/1707/255 536/1466/255
f 534/1486/255 535/1485/255 538/1708/255 537/1707/255
f 535/1485/255 523/1484/255 524/1699/255 538/1708/255
f 536/1466/255 537/1707/255 540/1705/255 539/1467/255
f 537/1707/255 538/1708/255 541/1706/255 540/1705/255
f 538/1708/255 524/1699/255 525/1700/255 541/1706/255
f 525/1700/255 533/1701/255 541/1706/255
f 542/1476/255 545/1475/255 548/1709/255 547/1500/255
f 545/1475/255 546/1474/255 549/1710/255 548/1709/255
f 546/1474/255 558/1473/255 559/1711/255 549/1710/255
f 547/1500/255 548/1709/255 551/1712/255 550/1501/255
f 548/1709/255 549/1710/255 552/1713/255 551/1712/255
f 549/1710/255 559/1711/255 560/1714/255 552/1713/255
f 543/1471/272 553/1715/279 556/1716/255 555/1472/255
f 553/1715/279 554/1717/280 557/1718/255 556/1716/255
f 554/1717/280 566/1719/281 567/1720/255 557/1718/255
f 555/1472/255 556/1716/255 559/1711/255 558/1473/255
f 556/1716/255 557/1718/255 560/1714/255 559/1711/255
f 557/1718/255 567/1720/255 568/1721/255 560/1714/255
f 544/1504/267 561/1503/255 564/1722/255 563/1723/282
f 561/1503/255 562/1502/255 565/1724/255 564/1722/255
f 562/1502/255 550/1501/255 551/1712/255 565/1724/255
f 563/1723/282 564/1722/255 567/1720/255 566/1719/281
f 564/1722/255 565/1724/255 568/1721/255 567/1720/255
f 565/1724/255 551/1712/255 552/1713/255 568/1721/255
f 552/1713/255 560/1714/255 568/1721/255
f 569/1488/255 572/1532/255 575/1725/255 574/1489/255
f 572/1532/255 573/1531/255 576/1726/255 575/1725/255
f 573/1531/255 585/1530/255 586/1727/255 576/1726/255
f 574/1489/255 575/1725/255 578/1728/255 577/1490/255
f 575/1725/255 576/1726/255 579/1729/255 578/1728/255
f 576/1726/255 586/1727/255 587/1730/287 579/1729/255
f 570/1528/266 580/1731/273 583/1732/255 582/1529/255
f 580/1731/273 581/1733/274 584/1734/255 583/1732/255
f 581/1733/274 593/1735/275 594/1736/255 584/1734/255
f 582/1529/255 583/1732/255 586/1727/255 585/1530/255
f 583/1732/255 584/1734/255 587/1730/287 586/1727/255
f 584/1734/255 594/1736/255 595/1737/255 587/1730/287
f 571/1493/271 588/1492/255 591/1738/255 590/1739/277
f 588/1492/255 589/1491/255 592/1740/255 591/1738/255
f 589/1491/255 577/1490/255 578/1728/255 592/1740/255
f 590/1739/277 591/1738/255 594/1736/255 593/1735/275
f 591/1738/255 592/1740/255 595/1737/255 594/1736/255
f 592/1740/255 578/1728/255 579/1729/255 595/1737/255
f 579/1729/255 587/1730/287 595/1737/255
f 596/1494/272 599/1741/279 602/1742/255 601/1495/255
f 599/1741/279 600/1743/280 603/1744/255 602/1742/255
f 600/1743/280 612/1745/281 613/1746/255 603/1744/255
f 601/1495/255 602/1742/255 605/1747/255 604/1496/255
f 602/1742/255 603/1744/255 606/1748/255 605/1747/255
f 603/1744/255 613/1746/255 614/1749/255 606/1748/255
f 597/1549/267 607/1548/255 610/1750/255 609/1751/282
f 607/1548/255 608/1547/255 611/1752/255 610/1750/255
f 608/1547/255 620/1546/255 621/1753/255 611/1752/255
f 609/1751/282 610/1750/255 613/1746/255 612/1745/281
f 610/1750/255 611/1752/255 614/1749/255 613/1746/255
f 611/1752/255 621/1753/255 622/1754/255 614/1749/255
f 598/1499/255 615/1498/255 618/1755/255 617/1545/255
f 615/1498/255 616/1497/255 619/1756/255 618/1755/255
f 616/1497/255 604/1496/255 605/1747/255 619/1756/255
f 617/1545/255 618/1755/255 621/1753/255 620/1546/255
f 618/1755/255 619/1756/255 622/1754/255 621/1753/255
f 619/1756/255 605/1747/255 606/1748/255 622/1754/255
f 606/1748/255 614/1749/255 622/1754/255
f 623/1522/255 626/1521/255 629/1757/255 628/1523/255
f 626/1521/255 627/1520/255 630/1758/255 629/1757/255
f 627/1520/255 639/1519/255 640/1759/255 630/1758/255
f 628/1523/255 629/1757/255 632/1760/255 631/1524/255
f 629/1757/255 630/1758/255 633/1761/255 632/1760/255
f 630/1758/255 640/1759/255 641/1762/255 633/1761/255
f 624/1517/263 634/1763/288 637/1764/255 636/1518/255
f 634/1763/288 635/1765/289 638/1766/255 637/1764/255
f 635/1765/289 647/1767/290 648/1768/255 638/1766/255
f 636/1518/255 637/1764/255 640/1759/255 639/1519/255
f 637/1764/255 638/1766/255 641/1762/255 640/1759/255
f 638/1766/255 648/1768/255 649/1769/255 641/1762/255
f 625/1527/265 642/1526/255 645/1770/255 644/1771/291
f 642/1526/255 643/1525/255 646/1772/255 645/1770/255
f 643/1525/255 631/1524/255 632/1760/255 646/1772/255
f 644/1771/291 645/1770/255 648/1768/255 647/1767/290
f 645/1770/255 646/1772/255 649/1769/255 648/1768/255
f 646/1772/255 632/1760/255 633/1761/255 649/1769/255
f 633/1761/255 641/1762/255 649/1769/255
f 650/1550/268 653/1773/283 656/1774/255 655/1551/255
f 653/1773/283 654/1775/284 657/1776/255 656/1774/255
f 654/1775/284 666/1777/285 667/1778/255 657/1776/255
f 655/1551/255 656/1774/255 659/1779/255 658/1552/255
f 656/1774/255 657/1776/255 660/1780/255 659/1779/255
f 657/1776/255 667/1778/255 668/1781/255 660/1780/255
f 651/1516/262 661/1515/255 664/1782/255 663/1783/286
f 661/1515/255 662/1514/255 665/1784/255 664/1782/255
f 662/1514/255 674/1513/255 675/1785/255 665/1784/255
f 663/1783/286 664/1782/255 667/1778/255 666/1777/285
f 664/1782/255 665/1784/255 668/1781/255 667/1778/255
f 665/1784/255 675/1785/255 676/1786/255 668/1781/255
f 652/1511/255 669/1554/255 672/1787/255 671/1512/255
f 669/1554/255 670/1553/255 673/1788/255 672/1787/255
f 670/1553/255 658/1552/255 659/1779/255 673/1788/255
f 671/1512/255 672/1787/255 675/1785/255 674/1513/255
f 672/1787/255 673/1788/255 676/1786/255 675/1785/255
f 673/1788/255 659/1779/255 660/1780/255 676/1786/255
f 660/1780/255 668/1781/255 676/1786/255
f 677/1539/263 680/1789/288 683/1790/255 682/1540/255
f 680/1789/288 681/1791/289 684/1792/255 683/1790/255
f 681/1791/289 693/1793/290 694/1794/255 684/1792/255
f 682/1540/255 683/1790/255 686/1795/255 685/1541/255
f 683/1790/255 684/1792/255 687/1796/255 686/1795/255
f 684/1792/255 694/1794/255 695/1797/255 687/1796/255
f 678/1559/265 688/1558/255 691/1798/255 690/1799/291
f 688/1558/255 689/1557/255 692/1800/255 691/1798/255
f 689/1557/255 701/1556/255 702/1801/255 692/1800/255
f 690/1799/291 691/1798/255 694/1794/255 693/1793/290
f 691/1798/255 692/1800/255 695/1797/255 694/1794/255
f 692/1800/255 702/1801/255 703/1802/255 695/1797/255
f 679/1544/255 696/1543/255 699/1803/255 698/1555/255
f 696/1543/255 697/1542/255 700/1804/255 699/1803/255
f 697/1542/255 685/1541/255 686/1795/255 700/1804/255
f 698/1555/255 699/1803/255 702/1801/255 701/1556/255
f 699/1803/255 700/1804/255 703/1802/255 702/1801/255
f 700/1804/255 686/1795/255 687/1796/255 703/1802/255
f 687/1796/255 695/1797/255 703/1802/255
f 704/1533/255 707/1576/255 710/1805/255 709/1534/255
f 707/1576/255 708/1575/255 711/1806/255 710/1805/255
f 708/1575/255 720/1574/255 721/1807/255 711/1806/255
f 709/1534/255 710/1805/255 713/1808/255 712/1535/255
f 710/1805/255 711/1806/255 714/1809/255 713/1808/255
f 711/1806/255 721/1807/255 722/1810/255 714/1809/255
f 705/1572/268 715/1811/283 718/1812/255 717/1573/255
f 715/1811/283 716/1813/284 719/1814/255 718/1812/255
f 716/1813/284 728/1815/285 729/1816/255 719/1814/255
f 717/1573/255 718/1812/255 721/1807/255 720/1574/255
f 718/1812/255 719/1814/255 722/1810/255 721/1807/255
f 719/1814/255 729/1816/255 730/1817/255 722/1810/255
f 706/1538/262 723/1537/255 726/1818/255 725/1819/286
f 723/1537/255 724/1536/255 727/1820/255 726/1818/255
f 724/1536/255 712/1535/255 713/1808/255 727/1820/255
f 725/1819/286 726/1818/255 729/1816/255 728/1815/285
f 726/1818/255 727/1820/255 730/1817/255 729/1816/255
f 727/1820/255 713/1808/255 714/1809/255 730/1817/255
f 714/1809/255 722/1810/255 730/1817/255
f 731/1560/266 734/1821/273 737/1822/255 736/1561/255
f 734/1821/273 735/1823/274 738/1824/255 737/1822/255
f 735/1823/274 747/1825/275 748/1826/255 738/1824/255
f 736/1561/255 737/1822/255 740/1827/255 739/1562/255
f 737/1822/255 738/1824/255 741/1828/255 740/1827/255
f 738/1824/255 748/1826/255 749/1829/255 741/1828/255
f 732/1581/271 742/1580/255 745/1830/255 744/1831/277
f 742/1580/255 743/1579/255 746/1832/255 745/1830/255
f 743/1579/255 755/1578/255 756/1833/255 746/1832/255
f 744/1831/277 745/1830/255 748/1826/255 747/1825/275
f 745/1830/255 746/1832/255 749/1829/255 748/1826/255
f 746/1832/255 756/1833/255 757/1834/255 749/1829/255
f 733/1565/255 750/1564/255 753/1835/255 752/1577/255
f 750/1564/255 751/1563/255 754/1836/255 753/1835/255
f 751/1563/255 739/1562/255 740/1827/255 754/1836/255
f 752/1577/255 753/1835/255 756/1833/255 755/1578/255
f 753/1835/255 754/1836/255 757/1834/255 756/1833/255
f 754/1836/255 740/1827/255 741/1828/255 757/1834/255
f 741/1828/255 749/1829/255 757/1834/255
f 758/1566/255 761/1586/255 764/1837/255 763/1567/255
f 761/1586/255 762/1585/255 765/1838/255 764/1837/255
f 762/1585/255 774/1584/255 775/1839/255 765/1838/255
f 763/1567/255 764/1837/255 767/1840/255 766/1568/255
f 764/1837/255 765/1838/255 768/1841/255 767/1840/255
f 765/1838/255 775/1839/255 776/1842/255 768/1841/255
f 759/1582/272 769/1843/279 772/1844/255 771/1583/255
f 769/1843/279 770/1845/280 773/1846/255 772/1844/255
f 770/1845/280 782/1847/281 783/1848/255 773/1846/255
f 771/1583/255 772/1844/255 775/1839/255 774/1584/255
f 772/1844/255 773/1846/255 776/1842/255 775/1839/255
f 773/1846/255 783/1848/255 784/1849/255 776/1842/255
f 760/1571/267 777/1570/255 780/1850/255 779/1851/282
f 777/1570/255 778/1569/255 781/1852/255 780/1850/255
f 778/1569/255 766/1568/255 767/1840/255 781/1852/255
f 779/1851/282 780/1850/255 783/1848/255 782/1847/281
f 780/1850/255 781/1852/255 784/1849/255 783/1848/255
f 781/1852/255 767/1840/255 768/1841/255 784/1849/255
f 768/1841/255 776/1842/255 784/1849/255
f 320/1403/259 313/1406/260 353/1441/255 358/1588/255 361/1592/255 373/1606/255 372/1603/255 355/1602/276 380/1608/278 385/1611/255 388/1617/255 400/1627/255 399/1625/255 382/1442/255
f 1126/1309/244 27/1308/51 891/1853/3 1154/1854/3
f 1154/1854/3 891/1853/3 943/1855/3 1206/1856/3
f 1206/1856/3 943/1855/3 995/1857/3 1258/1858/3
f 944/1859/3 1205/1860/3 1257/1861/3 996/1862/3
f 1205/1860/3 1206/1856/3 1258/1858/3 1257/1861/3
f 892/1863/3 1153/1864/3 1205/1860/3 944/1859/3
f 1153/1864/3 1154/1854/3 1206/1856/3 1205/1860/3
f 28/1311/67 1125/1310/245 1153/1864/3 892/1863/3
f 1125/1310/245 1126/1309/244 1154/1854/3 1153/1864/3
f 1534/1865/119 1503/1866/232 1471/1867/110 1472/1868/116
f 1503/1866/232 1504/1869/99 1473/1870/100 1471/1867/110
f 1504/1869/99 1505/1871/98 1474/1872/101 1473/1870/100
f 1505/1871/98 1506/1873/109 1475/1874/157 1474/1872/101
f 1506/1873/109 1507/1875/115 1476/1876/152 1475/1874/157
f 1507/1875/115 1508/1877/120 1477/1878/225 1476/1876/152
f 1508/1877/120 1509/1879/121 1478/1880/149 1477/1878/225
f 1509/1879/121 1510/1881/123 1479/1882/183 1478/1880/149
f 1510/1881/123 1511/1883/125 1480/1884/181 1479/1882/183
f 1511/1883/125 1512/1885/128 1481/1886/235 1480/1884/181
f 1512/1885/128 1513/1887/130 1482/1888/177 1481/1886/235
f 1513/1887/130 1514/1889/132 1483/1890/175 1482/1888/177
f 1514/1889/132 1515/1891/135 1484/1892/173 1483/1890/175
f 1515/1891/135 1516/1893/137 1485/1894/141 1484/1892/173
f 1516/1893/137 1517/1895/140 1486/1896/138 1485/1894/141
f 1517/1895/140 1518/1897/142 1487/1898/118 1486/1896/138
f 1518/1897/142 1519/1899/144 1488/1900/133 1487/1898/118
f 1519/1899/144 1520/1901/238 1489/1902/126 1488/1900/133
f 1520/1901/238 1521/1903/237 1490/1904/124 1489/1902/126
f 1521/1903/237 1522/1905/236 1491/1906/122 1490/1904/124
f 1522/1905/236 1523/1907/151 1492/1908/114 1491/1906/122
f 1523/1907/151 1524/1909/147 1493/1910/117 1492/1908/114
f 1524/1909/147 1525/1911/146 1494/1912/111 1493/1910/117
f 1525/1911/146 1526/1913/233 1495/1914/102 1494/1912/111
f 1526/1913/233 1527/1915/180 1496/1916/103 1495/1914/102
f 1527/1915/180 1528/1917/178 1497/1918/231 1496/1916/103
f 1528/1917/178 1529/1919/176 1498/1920/129 1497/1918/231
f 1529/1919/176 1530/1921/230 1499/1922/169 1498/1920/129
f 1530/1921/230 1531/1923/107 1500/1924/164 1499/1922/169
f 1531/1923/107 1532/1925/106 1501/1926/234 1500/1924/164
f 1532/1925/106 1533/1927/113 1502/1928/155 1501/1926/234
f 1533/1927/113 1534/1865/119 1472/1868/116 1502/1928/155
usemtl darkerdarkmetal
f 792/1929/292 791/1930/293 790/1931/294 789/1932/295 788/1933/296 787/1934/297 786/1935/298 785/1936/299 329/1937/300 330/1938/301 331/1939/302 332/1940/303 337/1941/304 338/1942/305 339/1943/306 340/1944/307 345/1945/308 346/1946/309 347/1947/310 348/1948/311 349/1949/312 350/1950/313 351/1951/314 352/1952/315
f 666/1953/285 654/1954/284 837/1955/301 838/1956/300
f 509/1957/286 512/1958/285 802/1959/300 803/1960/299
f 477/1961/290 465/1962/289 795/1963/295 796/1964/294
f 716/1965/284 715/1966/283 848/1967/302 849/1968/301
f 798/1969/292 797/1970/293 796/1964/294 795/1963/295 794/1971/296 793/1972/316 804/1973/317 803/1960/299 802/1959/300 801/1974/301 800/1975/302 799/1976/303 816/1977/304 815/1978/305 814/1979/306 813/1980/307 812/1981/308 811/1982/318 810/1983/319 809/1984/311 808/1985/312 807/1986/313 806/1987/314 805/1988/315
f 828/1989/320 827/1990/305 826/1991/306 825/1992/307 824/1993/308 823/1994/318 822/1995/319 821/1996/311 820/1997/312 819/1998/313 818/1999/314 817/2000/315 834/2001/292 833/2002/293 832/2003/294 831/2004/295 830/2005/296 829/2006/316 840/2007/317 839/2008/299 838/1956/300 837/1955/301 836/2009/302 835/2010/303
f 864/2011/304 863/2012/305 862/2013/306 861/2014/307 860/2015/308 859/2016/321 858/2017/322 857/2018/311 856/2019/312 855/2020/323 854/2021/314 853/2022/315 846/2023/324 845/2024/293 844/2025/294 843/2026/295 842/2027/325 841/2028/326 852/2029/327 851/2030/299 850/2031/300 849/1968/301 848/1967/302 847/2032/303
f 596/2033/272 571/2034/271 822/1995/319 823/1994/318
f 735/2035/274 734/2036/273 854/2021/314 855/2020/323
f 650/2037/268 597/2038/267 828/1989/320 835/2010/303
f 355/2039/276 374/2040/277 348/1948/311 347/1947/310
f 570/2041/266 625/2042/265 834/2001/292 817/2000/315
f 728/2043/285 716/1965/284 849/1968/301 850/2031/300
f 544/2044/267 563/2045/282 815/1978/305 816/1977/304
f 678/2046/265 690/2047/291 845/2024/293 846/2023/324
f 499/2048/283 489/2049/268 799/1976/303 800/1975/302
f 624/2050/263 651/2051/262 840/2007/317 829/2006/316
f 590/2052/277 593/2053/275 820/1997/312 821/1996/311
f 747/2054/275 735/2035/274 855/2020/323 856/2019/312
f 779/2055/282 782/2056/281 862/2013/306 863/2012/305
f 528/2057/277 531/2058/275 808/1985/312 809/1984/311
f 518/2059/273 515/2060/266 805/1988/315 806/1987/314
f 381/2061/267 393/2062/282 338/1942/305 337/1941/304
f 436/2063/265 455/2064/291 791/1930/293 792/1929/292
f 500/2065/284 499/2048/283 800/1975/302 801/1974/301
f 625/2042/265 644/2066/291 833/2002/293 834/2001/292
f 580/2067/273 570/2041/266 817/2000/315 818/1999/314
f 769/2068/279 759/2069/272 859/2016/321 860/2015/308
f 519/2070/274 518/2059/273 806/1987/314 807/1986/313
f 420/2071/286 423/2072/285 329/1937/300 785/1936/299
f 677/2073/263 706/2074/262 852/2029/327 841/2028/326
f 410/2075/283 407/2076/268 332/1940/303 331/1939/302
f 609/2077/282 612/2078/281 826/1991/306 827/1990/305
f 599/2079/279 596/2033/272 823/1994/318 824/1993/308
f 512/1958/285 500/2065/284 801/1974/301 802/1959/300
f 705/2080/268 760/2081/267 864/2011/304 847/2032/303
f 462/2082/265 474/2083/291 797/1970/293 798/1969/292
f 651/2051/262 663/2084/286 839/2008/299 840/2007/317
f 581/2085/274 580/2067/273 818/1999/314 819/1998/313
f 759/2069/272 732/2086/271 858/2017/322 859/2016/321
f 706/2074/262 725/2087/286 851/2030/299 852/2029/327
f 380/2088/278 355/2039/276 347/1947/310 346/1946/309
f 770/2089/280 769/2068/279 860/2015/308 861/2014/307
f 374/2040/277 377/2090/275 349/1949/312 348/1948/311
f 531/2058/275 519/2070/274 807/1986/313 808/1985/312
f 731/2091/266 678/2046/265 846/2023/324 853/2022/315
f 563/2045/282 566/2092/281 814/1979/306 815/1978/305
f 411/2093/284 410/2075/283 331/1939/302 330/1938/301
f 354/2094/266 436/2063/265 792/1929/292 352/1952/315
f 600/2095/280 599/2079/279 824/1993/308 825/1992/307
f 435/2096/270 408/2097/269 786/1935/298 787/1934/297
f 690/2047/291 693/2098/290 844/2025/294 845/2024/293
f 680/2099/288 677/2073/263 841/2028/326 842/2027/325
f 593/2053/275 581/2085/274 819/1998/313 820/1997/312
f 407/2076/268 381/2061/267 337/1941/304 332/1940/303
f 782/2056/281 770/2089/280 861/2014/307 862/2013/306
f 364/2100/273 354/2094/266 352/1952/315 351/1951/314
f 732/2086/271 744/2101/277 857/2018/311 858/2017/322
f 423/2072/285 411/2093/284 330/1938/301 329/1937/300
f 553/2102/279 543/2103/272 811/1982/318 812/1981/308
f 455/2064/291 458/2104/290 790/1931/294 791/1930/293
f 612/2078/281 600/2095/280 825/1992/307 826/1991/306
f 644/2066/291 647/2105/290 832/2003/294 833/2002/293
f 393/2062/282 396/2106/281 339/1943/306 338/1942/305
f 383/2107/279 380/2088/278 346/1946/309 345/1945/308
f 681/2108/289 680/2099/288 842/2027/325 843/2026/295
f 365/2109/274 364/2100/273 351/1951/314 350/1950/313
f 490/2110/262 509/1957/286 803/1960/299 804/1973/317
f 554/2111/280 553/2102/279 812/1981/308 813/1980/307
f 445/2112/288 435/2096/270 787/1934/297 788/1933/296
f 461/2113/263 490/2110/262 804/1973/317 793/1972/316
f 634/2114/288 624/2050/263 829/2006/316 830/2005/296
f 384/2115/280 383/2107/279 345/1945/308 340/1944/307
f 693/2098/290 681/2108/289 843/2026/295 844/2025/294
f 725/2087/286 728/2043/285 850/2031/300 851/2030/299
f 515/2060/266 462/2082/265 798/1969/292 805/1988/315
f 474/2083/291 477/1961/290 796/1964/294 797/1970/293
f 464/2116/288 461/2113/263 793/1972/316 794/1971/296
f 377/2090/275 365/2109/274 350/1950/313 349/1949/312
f 663/2084/286 666/1953/285 838/1956/300 839/2008/299
f 653/2117/283 650/2037/268 835/2010/303 836/2009/302
f 489/2049/268 544/2044/267 816/1977/304 799/1976/303
f 566/2092/281 554/2111/280 813/1980/307 814/1979/306
f 446/2118/289 445/2112/288 788/1933/296 789/1932/295
f 516/2119/271 528/2057/277 809/1984/311 810/1983/319
f 571/2034/271 590/2052/277 821/1996/311 822/1995/319
f 543/2103/272 516/2119/271 810/1983/319 811/1982/318
f 635/2120/289 634/2114/288 830/2005/296 831/2004/295
f 760/2081/267 779/2055/282 863/2012/305 864/2011/304
f 396/2106/281 384/2115/280 340/1944/307 339/1943/306
f 715/1966/283 705/2080/268 847/2032/303 848/1967/302
f 465/1962/289 464/2116/288 794/1971/296 795/1963/295
f 654/1954/284 653/2117/283 836/2009/302 837/1955/301
f 458/2104/290 446/2118/289 789/1932/295 790/1931/294
f 744/2101/277 747/2054/275 856/2019/312 857/2018/311
f 734/2036/273 731/2091/266 853/2022/315 854/2021/314
f 408/2097/269 420/2071/286 785/1936/299 786/1935/298
f 647/2105/290 635/2120/289 831/2004/295 832/2003/294
f 597/2038/267 609/2077/282 827/1990/305 828/1989/320
l 189 153
l 190 154
l 191 155
l 192 156
l 193 157
l 194 158
l 195 159
l 196 160
l 197 161
l 198 162
l 199 163
l 200 164
l 201 165
l 202 166
l 131 167
l 132 168
l 203 169
l 204 170
l 205 171
l 206 172
l 207 173
l 138 174
l 139 175
l 208 176
l 209 177
l 210 178
l 211 179
l 212 180
l 213 181
l 214 182
l 215 183
l 216 184
l 217 185
l 218 186
l 219 187
l 220 188
o handle_Torus
v -1.702497 -0.182476 0.000000
v -1.688772 -0.168750 0.000000
v -1.683748 -0.150000 0.000000
v -1.688772 -0.131250 0.000000
v -1.702498 -0.117524 0.000000
v -1.721248 -0.112500 0.000000
v -1.739998 -0.117524 0.000000
v -1.753724 -0.131250 0.000000
v -1.758748 -0.150000 0.000000
v -1.753724 -0.168750 0.000000
v -1.739998 -0.182476 0.000000
v -1.702497 -0.180915 -0.023818
v -1.688772 -0.167306 -0.022026
v -1.683748 -0.148717 -0.019579
v -1.688772 -0.130127 -0.017132
v -1.702498 -0.116519 -0.015340
v -1.721248 -0.111538 -0.014684
v -1.739998 -0.116519 -0.015340
v -1.753724 -0.130127 -0.017132
v -1.758748 -0.148717 -0.019579
v -1.753724 -0.167306 -0.022026
v -1.739998 -0.180915 -0.023818
v -1.702497 -0.176258 -0.047228
v -1.688772 -0.163000 -0.043676
v -1.683748 -0.144889 -0.038823
v -1.688772 -0.126778 -0.033970
v -1.702498 -0.113520 -0.030417
v -1.721248 -0.108667 -0.029117
v -1.739998 -0.113520 -0.030417
v -1.753724 -0.126778 -0.033970
v -1.758748 -0.144889 -0.038823
v -1.753724 -0.163000 -0.043676
v -1.739998 -0.176258 -0.047228
v -1.702497 -0.168586 -0.069831
v -1.688772 -0.155905 -0.064578
v -1.683748 -0.138582 -0.057403
v -1.688772 -0.121259 -0.050227
v -1.702498 -0.108578 -0.044974
v -1.721248 -0.103936 -0.043052
v -1.739998 -0.108578 -0.044974
v -1.753724 -0.121259 -0.050227
v -1.758748 -0.138582 -0.057403
v -1.753724 -0.155905 -0.064578
v -1.739998 -0.168586 -0.069831
v -1.702497 -0.158029 -0.091238
v -1.688772 -0.146142 -0.084375
v -1.683748 -0.129904 -0.075000
v -1.688772 -0.113666 -0.065625
v -1.702498 -0.101779 -0.058762
v -1.721248 -0.097428 -0.056250
v -1.739998 -0.101779 -0.058762
v -1.753724 -0.113666 -0.065625
v -1.758748 -0.129904 -0.075000
v -1.753724 -0.146142 -0.084375
v -1.739998 -0.158029 -0.091238
v -1.702497 -0.144768 -0.111084
v -1.688772 -0.133878 -0.102728
v -1.683748 -0.119003 -0.091314
v -1.688772 -0.104128 -0.079900
v -1.702498 -0.093238 -0.071544
v -1.721248 -0.089252 -0.068486
v -1.739998 -0.093238 -0.071544
v -1.753724 -0.104128 -0.079900
v -1.758748 -0.119003 -0.091314
v -1.753724 -0.133878 -0.102728
v -1.739998 -0.144768 -0.111084
v -1.702498 -0.129030 -0.129030
v -1.688772 -0.119324 -0.119324
v -1.683748 -0.106066 -0.106066
v -1.688772 -0.092808 -0.092808
v -1.702498 -0.083102 -0.083102
v -1.721248 -0.079550 -0.079550
v -1.739998 -0.083102 -0.083102
v -1.753724 -0.092808 -0.092808
v -1.758748 -0.106066 -0.106066
v -1.753724 -0.119324 -0.119324
v -1.739998 -0.129030 -0.129030
v -1.702498 -0.111084 -0.144768
v -1.688772 -0.102729 -0.133878
v -1.683748 -0.091314 -0.119003
v -1.688772 -0.079900 -0.104128
v -1.702498 -0.071544 -0.093238
v -1.721248 -0.068486 -0.089252
v -1.739998 -0.071544 -0.093238
v -1.753724 -0.079900 -0.104128
v -1.758748 -0.091314 -0.119003
v -1.753724 -0.102729 -0.133878
v -1.739998 -0.111084 -0.144768
v -1.702498 -0.091238 -0.158029
v -1.688772 -0.084375 -0.146142
v -1.683748 -0.075000 -0.129904
v -1.688772 -0.065625 -0.113666
v -1.702498 -0.058762 -0.101779
v -1.721248 -0.056250 -0.097428
v -1.739998 -0.058762 -0.101779
v -1.753724 -0.065625 -0.113666
v -1.758748 -0.075000 -0.129904
v -1.753724 -0.084375 -0.146142
v -1.739998 -0.091238 -0.158029
v -1.702498 -0.069831 -0.168586
v -1.688772 -0.064578 -0.155905
v -1.683748 -0.057403 -0.138582
v -1.688772 -0.050227 -0.121259
v -1.702498 -0.044975 -0.108578
v -1.721248 -0.043052 -0.103936
v -1.739998 -0.044975 -0.108578
v -1.753724 -0.050227 -0.121259
v -1.758748 -0.057403 -0.138582
v -1.753724 -0.064578 -0.155905
v -1.739998 -0.069831 -0.168586
v -1.702498 -0.047228 -0.176258
v -1.688772 -0.043676 -0.163000
v -1.683748 -0.038823 -0.144889
v -1.688772 -0.033970 -0.126778
v -1.702498 -0.030417 -0.113520
v -1.721248 -0.029117 -0.108667
v -1.739998 -0.030417 -0.113520
v -1.753724 -0.033970 -0.126778
v -1.758748 -0.038823 -0.144889
v -1.753724 -0.043676 -0.163000
v -1.739998 -0.047228 -0.176258
v -1.702498 -0.023818 -0.180915
v -1.688772 -0.022026 -0.167306
v -1.683748 -0.019579 -0.148717
v -1.688772 -0.017132 -0.130127
v -1.702498 -0.015340 -0.116519
v -1.721248 -0.014684 -0.111538
v -1.739998 -0.015340 -0.116519
v -1.753724 -0.017132 -0.130127
v -1.758748 -0.019579 -0.148717
v -1.753724 -0.022026 -0.167306
v -1.739998 -0.023818 -0.180915
v -1.702498 -0.000000 -0.182476
v -1.688772 -0.000000 -0.168750
v -1.683748 -0.000000 -0.150000
v -1.688772 -0.000000 -0.131250
v -1.702498 -0.000000 -0.117524
v -1.721248 -0.000000 -0.112500
v -1.739998 -0.000000 -0.117524
v -1.753724 -0.000000 -0.131250
v -1.758748 -0.000000 -0.150000
v -1.753724 -0.000000 -0.168750
v -1.739998 -0.000000 -0.182476
v -1.702498 0.023818 -0.180915
v -1.688772 0.022026 -0.167306
v -1.683748 0.019579 -0.148717
v -1.688772 0.017132 -0.130127
v -1.702498 0.015340 -0.116519
v -1.721248 0.014684 -0.111538
v -1.739998 0.015340 -0.116519
v -1.753724 0.017132 -0.130127
v -1.758748 0.019579 -0.148717
v -1.753724 0.022026 -0.167306
v -1.739998 0.023818 -0.180915
v -1.702498 0.047228 -0.176258
v -1.688772 0.043676 -0.163000
v -1.683748 0.038823 -0.144889
v -1.688772 0.033970 -0.126778
v -1.702498 0.030417 -0.113520
v -1.721248 0.029117 -0.108667
v -1.739998 0.030417 -0.113520
v -1.753724 0.033970 -0.126778
v -1.758748 0.038823 -0.144889
v -1.753724 0.043676 -0.163000
v -1.739998 0.047228 -0.176258
v -1.702498 0.069831 -0.168586
v -1.688772 0.064578 -0.155905
v -1.683748 0.057403 -0.138582
v -1.688772 0.050227 -0.121259
v -1.702498 0.044975 -0.108578
v -1.721248 0.043052 -0.103936
v -1.739998 0.044975 -0.108578
v -1.753724 0.050227 -0.121259
v -1.758748 0.057403 -0.138582
v -1.753724 0.064578 -0.155905
v -1.739998 0.069831 -0.168586
v -1.702498 0.091238 -0.158029
v -1.688772 0.084375 -0.146142
v -1.683748 0.075000 -0.129904
v -1.688772 0.065625 -0.113666
v -1.702498 0.058762 -0.101779
v -1.721248 0.056250 -0.097428
v -1.739998 0.058762 -0.101779
v -1.753724 0.065625 -0.113666
v -1.758748 0.075000 -0.129904
v -1.753724 0.084375 -0.146142
v -1.739998 0.091238 -0.158029
v -1.702498 0.111084 -0.144768
v -1.688772 0.102728 -0.133878
v -1.683748 0.091314 -0.119003
v -1.688772 0.079900 -0.104128
v -1.702498 0.071544 -0.093238
v -1.721248 0.068486 -0.089252
v -1.739998 0.071544 -0.093238
v -1.753724 0.079900 -0.104128
v -1.758748 0.091314 -0.119003
v -1.753724 0.102728 -0.133878
v -1.739998 0.111084 -0.144768
v -1.702498 0.129030 -0.129030
v -1.688772 0.119324 -0.119324
v -1.683748 0.106066 -0.106066
v -1.688772 0.092808 -0.092808
v -1.702498 0.083102 -0.083102
v -1.721248 0.079550 -0.079549
v -1.739998 0.083102 -0.083102
v -1.753724 0.092808 -0.092808
v -1.758748 0.106066 -0.106066
v -1.753724 0.119324 -0.119324
v -1.739998 0.129030 -0.129030
v -1.702498 0.144768 -0.111084
v -1.688772 0.133878 -0.102728
v -1.683748 0.119003 -0.091314
v -1.688772 0.104128 -0.079900
v -1.702498 0.093238 -0.071544
v -1.721248 0.089252 -0.068486
v -1.739998 0.093238 -0.071544
v -1.753724 0.104128 -0.079900
v -1.758748 0.119003 -0.091314
v -1.753724 0.133878 -0.102728
v -1.739998 0.144768 -0.111084
v -1.702498 0.158029 -0.091238
v -1.688772 0.146142 -0.084375
v -1.683748 0.129904 -0.075000
v -1.688772 0.113666 -0.065625
v -1.702498 0.101779 -0.058762
v -1.721248 0.097428 -0.056250
v -1.739998 0.101779 -0.058762
v -1.753724 0.113666 -0.065625
v -1.758748 0.129904 -0.075000
v -1.753724 0.146142 -0.084375
v -1.739998 0.158029 -0.091238
v -1.702498 0.168586 -0.069831
v -1.688772 0.155905 -0.064578
v -1.683748 0.138582 -0.057403
v -1.688772 0.121259 -0.050227
v -1.702498 0.108578 -0.044975
v -1.721248 0.103936 -0.043052
v -1.739998 0.108578 -0.044975
v -1.753724 0.121259 -0.050227
v -1.758748 0.138582 -0.057403
v -1.753724 0.155905 -0.064578
v -1.739998 0.168586 -0.069831
v -1.702498 0.176258 -0.047228
v -1.688772 0.163000 -0.043676
v -1.683748 0.144889 -0.038823
v -1.688772 0.126778 -0.033970
v -1.702498 0.113520 -0.030417
v -1.721248 0.108667 -0.029117
v -1.739998 0.113520 -0.030417
v -1.753724 0.126778 -0.033970
v -1.758748 0.144889 -0.038823
v -1.753724 0.163000 -0.043676
v -1.739998 0.176258 -0.047228
v -1.702498 0.180915 -0.023818
v -1.688772 0.167306 -0.022026
v -1.683748 0.148717 -0.019579
v -1.688772 0.130127 -0.017132
v -1.702498 0.116519 -0.015340
v -1.721248 0.111538 -0.014684
v -1.739998 0.116519 -0.015340
v -1.753724 0.130127 -0.017132
v -1.758748 0.148717 -0.019579
v -1.753724 0.167306 -0.022026
v -1.739998 0.180915 -0.023818
v -1.702498 0.182476 -0.000000
v -1.688772 0.168750 -0.000000
v -1.683748 0.150000 -0.000000
v -1.688772 0.131250 -0.000000
v -1.702498 0.117524 -0.000000
v -1.721248 0.112500 -0.000000
v -1.739998 0.117524 -0.000000
v -1.753724 0.131250 -0.000000
v -1.758748 0.150000 -0.000000
v -1.753724 0.168750 -0.000000
v -1.739998 0.182476 -0.000000
v -1.702498 0.180915 0.023818
v -1.688772 0.167306 0.022026
v -1.683748 0.148717 0.019579
v -1.688772 0.130127 0.017132
v -1.702498 0.116519 0.015340
v -1.721248 0.111538 0.014684
v -1.739998 0.116519 0.015340
v -1.753724 0.130127 0.017132
v -1.758748 0.148717 0.019579
v -1.753724 0.167306 0.022026
v -1.739998 0.180915 0.023818
v -1.702498 0.176258 0.047228
v -1.688772 0.163000 0.043676
v -1.683748 0.144889 0.038823
v -1.688772 0.126778 0.033970
v -1.702498 0.113520 0.030417
v -1.721248 0.108667 0.029117
v -1.739998 0.113520 0.030417
v -1.753724 0.126778 0.033970
v -1.758748 0.144889 0.038823
v -1.753724 0.163000 0.043676
v -1.739998 0.176258 0.047228
v -1.702498 0.168586 0.069830
v -1.688772 0.155905 0.064578
v -1.683748 0.138582 0.057402
v -1.688772 0.121259 0.050227
v -1.702498 0.108578 0.044974
v -1.721248 0.103936 0.043052
v -1.739998 0.108578 0.044974
v -1.753724 0.121259 0.050227
v -1.758748 0.138582 0.057402
v -1.753724 0.155905 0.064578
v -1.739998 0.168586 0.069830
v -1.702498 0.158029 0.091238
v -1.688772 0.146142 0.084375
v -1.683748 0.129904 0.075000
v -1.688772 0.113666 0.065625
v -1.702498 0.101779 0.058762
v -1.721248 0.097428 0.056250
v -1.739998 0.101779 0.058762
v -1.753724 0.113666 0.065625
v -1.758748 0.129904 0.075000
v -1.753724 0.146142 0.084375
v -1.739998 0.158029 0.091238
v -1.702498 0.144768 0.111084
v -1.688772 0.133878 0.102728
v -1.683748 0.119003 0.091314
v -1.688772 0.104128 0.079900
v -1.702498 0.093238 0.071544
v -1.721248 0.089252 0.068486
v -1.739998 0.093238 0.071544
v -1.753724 0.104128 0.079900
v -1.758748 0.119003 0.091314
v -1.753724 0.133878 0.102728
v -1.739998 0.144768 0.111084
v -1.702498 0.129030 0.129030
v -1.688772 0.119324 0.119324
v -1.683748 0.106066 0.106066
v -1.688772 0.092808 0.092808
v -1.702498 0.083102 0.083102
v -1.721248 0.079550 0.079549
v -1.739998 0.083102 0.083102
v -1.753724 0.092808 0.092808
v -1.758748 0.106066 0.106066
v -1.753724 0.119324 0.119324
v -1.739998 0.129030 0.129030
v -1.702498 0.111084 0.144768
v -1.688772 0.102729 0.133878
v -1.683748 0.091314 0.119003
v -1.688772 0.079900 0.104128
v -1.702498 0.071544 0.093238
v -1.721248 0.068486 0.089252
v -1.739998 0.071544 0.093238
v -1.753724 0.079900 0.104128
v -1.758748 0.091314 0.119003
v -1.753724 0.102729 0.133878
v -1.739998 0.111084 0.144768
v -1.702498 0.091238 0.158029
v -1.688772 0.084375 0.146142
v -1.683748 0.075000 0.129904
v -1.688772 0.065625 0.113666
v -1.702498 0.058762 0.101779
v -1.721248 0.056250 0.097428
v -1.739998 0.058762 0.101779
v -1.753724 0.065625 0.113666
v -1.758748 0.075000 0.129904
v -1.753724 0.084375 0.146142
v -1.739998 0.091238 0.158029
v -1.702498 0.069831 0.168586
v -1.688772 0.064578 0.155905
v -1.683748 0.057403 0.138582
v -1.688772 0.050227 0.121259
v -1.702498 0.044975 0.108578
v -1.721248 0.043052 0.103936
v -1.739998 0.044975 0.108578
v -1.753724 0.050227 0.121259
v -1.758748 0.057403 0.138582
v -1.753724 0.064578 0.155905
v -1.739998 0.069831 0.168586
v -1.702498 0.047228 0.176258
v -1.688772 0.043676 0.163000
v -1.683748 0.038823 0.144889
v -1.688772 0.033970 0.126778
v -1.702498 0.030418 0.113520
v -1.721248 0.029117 0.108667
v -1.739998 0.030417 0.113520
v -1.753724 0.033970 0.126778
v -1.758748 0.038823 0.144889
v -1.753724 0.043676 0.163000
v -1.739998 0.047228 0.176258
v -1.702498 0.023818 0.180915
v -1.688772 0.022026 0.167306
v -1.683748 0.019579 0.148717
v -1.688772 0.017132 0.130127
v -1.702498 0.015340 0.116519
v -1.721248 0.014684 0.111538
v -1.739998 0.015340 0.116519
v -1.753724 0.017132 0.130127
v -1.758748 0.019579 0.148717
v -1.753724 0.022026 0.167306
v -1.739998 0.023818 0.180915
v -1.702498 -0.000000 0.182476
v -1.688772 -0.000000 0.168750
v -1.683748 -0.000000 0.150000
v -1.688772 -0.000000 0.131250
v -1.702498 -0.000000 0.117524
v -1.721248 -0.000000 0.112500
v -1.739998 -0.000000 0.117524
v -1.753724 -0.000000 0.131250
v -1.758748 -0.000000 0.150000
v -1.753724 -0.000000 0.168750
v -1.739998 -0.000000 0.182476
v -1.702498 -0.023818 0.180915
v -1.688772 -0.022026 0.167306
v -1.683748 -0.019579 0.148717
v -1.688772 -0.017132 0.130127
v -1.702498 -0.015340 0.116519
v -1.721248 -0.014684 0.111538
v -1.739998 -0.015340 0.116519
v -1.753724 -0.017132 0.130127
v -1.758748 -0.019579 0.148717
v -1.753724 -0.022026 0.167306
v -1.739998 -0.023818 0.180915
v -1.702498 -0.047228 0.176258
v -1.688772 -0.043676 0.163000
v -1.683748 -0.038823 0.144889
v -1.688772 -0.033970 0.126778
v -1.702498 -0.030417 0.113520
v -1.721248 -0.029117 0.108667
v -1.739998 -0.030417 0.113520
v -1.753724 -0.033970 0.126778
v -1.758748 -0.038823 0.144889
v -1.753724 -0.043676 0.163000
v -1.739998 -0.047228 0.176258
v -1.702498 -0.069831 0.168586
v -1.688772 -0.064578 0.155905
v -1.683748 -0.057403 0.138582
v -1.688772 -0.050227 0.121259
v -1.702498 -0.044975 0.108578
v -1.721248 -0.043052 0.103936
v -1.739998 -0.044975 0.108578
v -1.753724 -0.050227 0.121259
v -1.758748 -0.057403 0.138582
v -1.753724 -0.064578 0.155905
v -1.739998 -0.069831 0.168586
v -1.702498 -0.091238 0.158029
v -1.688772 -0.084375 0.146142
v -1.683748 -0.075000 0.129904
v -1.688772 -0.065625 0.113666
v -1.702498 -0.058762 0.101779
v -1.721248 -0.056250 0.097428
v -1.739998 -0.058762 0.101779
v -1.753724 -0.065625 0.113666
v -1.758748 -0.075000 0.129904
v -1.753724 -0.084375 0.146142
v -1.739998 -0.091238 0.158029
v -1.702498 -0.111084 0.144768
v -1.688772 -0.102728 0.133878
v -1.683748 -0.091314 0.119003
v -1.688772 -0.079900 0.104128
v -1.702498 -0.071544 0.093238
v -1.721248 -0.068486 0.089252
v -1.739998 -0.071544 0.093238
v -1.753724 -0.079900 0.104128
v -1.758748 -0.091314 0.119003
v -1.753724 -0.102728 0.133878
v -1.739998 -0.111084 0.144768
v -1.702498 -0.129030 0.129030
v -1.688772 -0.119324 0.119324
v -1.683748 -0.106066 0.106066
v -1.688772 -0.092808 0.092808
v -1.702498 -0.083102 0.083102
v -1.721248 -0.079549 0.079550
v -1.739998 -0.083102 0.083102
v -1.753724 -0.092808 0.092808
v -1.758748 -0.106066 0.106066
v -1.753724 -0.119324 0.119324
v -1.739998 -0.129030 0.129030
v -1.702497 -0.144768 0.111084
v -1.688772 -0.133878 0.102728
v -1.683748 -0.119003 0.091314
v -1.688772 -0.104128 0.079900
v -1.702498 -0.093238 0.071544
v -1.721248 -0.089252 0.068486
v -1.739998 -0.093238 0.071544
v -1.753724 -0.104128 0.079900
v -1.758748 -0.119003 0.091314
v -1.753724 -0.133878 0.102728
v -1.739998 -0.144768 0.111084
v -1.702497 -0.158029 0.091238
v -1.688772 -0.146142 0.084375
v -1.683748 -0.129904 0.075000
v -1.688772 -0.113666 0.065625
v -1.702498 -0.101779 0.058762
v -1.721248 -0.097428 0.056250
v -1.739998 -0.101779 0.058762
v -1.753724 -0.113666 0.065625
v -1.758748 -0.129904 0.075000
v -1.753724 -0.146142 0.084375
v -1.739998 -0.158029 0.091238
v -1.702497 -0.168586 0.069831
v -1.688772 -0.155905 0.064578
v -1.683748 -0.138582 0.057403
v -1.688772 -0.121259 0.050227
v -1.702498 -0.108578 0.044975
v -1.721248 -0.103936 0.043052
v -1.739998 -0.108578 0.044975
v -1.753724 -0.121259 0.050227
v -1.758748 -0.138582 0.057403
v -1.753724 -0.155905 0.064578
v -1.739998 -0.168586 0.069831
v -1.702497 -0.176258 0.047228
v -1.688772 -0.163000 0.043676
v -1.683748 -0.144889 0.038823
v -1.688772 -0.126778 0.033970
v -1.702498 -0.113520 0.030417
v -1.721248 -0.108667 0.029117
v -1.739998 -0.113520 0.030417
v -1.753724 -0.126778 0.033970
v -1.758748 -0.144889 0.038823
v -1.753724 -0.163000 0.043676
v -1.739998 -0.176258 0.047228
v -1.702497 -0.180915 0.023818
v -1.688772 -0.167306 0.022026
v -1.683748 -0.148717 0.019579
v -1.688772 -0.130127 0.017132
v -1.702498 -0.116519 0.015340
v -1.721248 -0.111538 0.014684
v -1.739998 -0.116519 0.015340
v -1.753724 -0.130127 0.017132
v -1.758748 -0.148717 0.019579
v -1.753724 -0.167306 0.022026
v -1.739998 -0.180915 0.023818
v -1.742268 -0.033089 -0.009542
v -1.761018 -0.038071 -0.010198
v -1.742268 -0.008281 -0.033427
v -1.761018 -0.010203 -0.038069
v -1.742268 0.024809 -0.023885
v -1.761018 0.027867 -0.027871
v -1.742268 0.033089 0.009542
v -1.761018 0.038070 0.010198
v -1.742268 0.008281 0.033427
v -1.761018 0.010203 0.038069
v -1.742268 -0.024809 0.023885
v -1.761018 -0.027867 0.027871
v -1.742310 -0.033895 0.000000
v -1.742268 -0.033089 0.009542
v -1.761060 -0.038919 0.000000
v -1.761018 -0.038071 0.010198
v -1.761060 0.038919 -0.000000
v -1.742310 -0.016947 -0.029354
v -1.761060 -0.019459 -0.033705
v -1.761060 0.019459 0.033705
v -1.742310 0.016947 -0.029354
v -1.761060 0.019459 -0.033705
v -1.761060 -0.019459 0.033705
v -1.742310 0.033895 -0.000000
v -1.742310 0.016947 0.029354
v -1.742310 -0.016947 0.029354
v -1.761018 0.038070 -0.010198
v -1.742268 -0.024809 -0.023885
v -1.761018 -0.027867 -0.027871
v -1.761018 0.027867 0.027871
v -1.742268 0.008281 -0.033427
v -1.761018 0.010203 -0.038069
v -1.761018 -0.010203 0.038069
v -1.742268 0.033089 -0.009542
v -1.742268 0.024809 0.023885
v -1.742268 -0.008281 0.033427
v -1.714998 -0.182476 0.000000
v -1.727498 -0.182476 0.000000
v -1.714998 -0.158029 -0.091238
v -1.727498 -0.158029 -0.091238
v -1.714998 -0.091238 -0.158029
v -1.727498 -0.091238 -0.158029
v -1.714998 -0.000000 -0.182476
v -1.727498 -0.000000 -0.182476
v -1.714998 0.091238 -0.158029
v -1.727498 0.091238 -0.158029
v -1.714998 0.158029 -0.091238
v -1.727498 0.158029 -0.091238
v -1.714998 0.182476 -0.000000
v -1.727498 0.182476 -0.000000
v -1.714998 0.158029 0.091238
v -1.727498 0.158029 0.091238
v -1.714998 0.091238 0.158029
v -1.727498 0.091238 0.158029
v -1.714998 -0.000000 0.182476
v -1.727498 -0.000000 0.182476
v -1.714998 -0.091238 0.158029
v -1.727498 -0.091238 0.158029
v -1.714998 -0.158029 0.091238
v -1.727498 -0.158029 0.091238
v -1.714998 -0.168586 -0.069831
v -1.727498 -0.168586 -0.069831
v -1.714998 -0.111084 -0.144768
v -1.727498 -0.111084 -0.144768
v -1.714998 -0.023818 -0.180915
v -1.727498 -0.023818 -0.180915
v -1.714998 0.069831 -0.168586
v -1.727498 0.069831 -0.168586
v -1.714998 0.144768 -0.111084
v -1.727498 0.144768 -0.111084
v -1.714998 0.180915 -0.023818
v -1.727498 0.180915 -0.023818
v -1.714998 0.168586 0.069830
v -1.727498 0.168586 0.069830
v -1.714998 0.111084 0.144768
v -1.727498 0.111084 0.144768
v -1.714998 0.023818 0.180915
v -1.727498 0.023818 0.180915
v -1.714998 -0.069831 0.168586
v -1.727498 -0.069831 0.168586
v -1.714998 -0.144768 0.111084
v -1.727498 -0.144768 0.111084
v -1.714998 -0.180915 0.023818
v -1.727498 -0.180915 0.023818
v -1.714998 -0.176258 -0.047228
v -1.727498 -0.176258 -0.047228
v -1.714998 -0.129030 -0.129030
v -1.727498 -0.129030 -0.129030
v -1.714998 -0.047228 -0.176258
v -1.727498 -0.047228 -0.176258
v -1.714998 0.047228 -0.176258
v -1.727498 0.047228 -0.176258
v -1.714998 0.129030 -0.129030
v -1.727498 0.129030 -0.129030
v -1.714998 0.176258 -0.047228
v -1.727498 0.176258 -0.047228
v -1.714998 0.176258 0.047228
v -1.727498 0.176258 0.047228
v -1.714998 0.129030 0.129030
v -1.727498 0.129030 0.129030
v -1.714998 0.047228 0.176258
v -1.727498 0.047228 0.176258
v -1.714998 -0.047228 0.176258
v -1.727498 -0.047228 0.176258
v -1.714998 -0.129030 0.129030
v -1.727498 -0.129030 0.129030
v -1.714998 -0.176258 0.047228
v -1.727498 -0.176258 0.047228
v -1.714998 -0.180915 -0.023818
v -1.727498 -0.180915 -0.023818
v -1.714998 -0.144768 -0.111084
v -1.727498 -0.144768 -0.111084
v -1.714998 -0.069831 -0.168586
v -1.727498 -0.069831 -0.168586
v -1.714998 0.023818 -0.180915
v -1.727498 0.023818 -0.180915
v -1.714998 0.111084 -0.144768
v -1.727498 0.111084 -0.144768
v -1.714998 0.168586 -0.069831
v -1.727498 0.168586 -0.069831
v -1.714998 0.180915 0.023818
v -1.727498 0.180915 0.023818
v -1.714998 0.144768 0.111084
v -1.727498 0.144768 0.111084
v -1.714998 0.069831 0.168586
v -1.727498 0.069831 0.168586
v -1.714998 -0.023818 0.180915
v -1.727498 -0.023818 0.180915
v -1.714998 -0.111084 0.144768
v -1.727498 -0.111084 0.144768
v -1.714998 -0.168586 0.069831
v -1.727498 -0.168586 0.069831
v -1.714998 -0.359738 0.000000
v -1.727498 -0.359738 0.000000
v -1.714998 -0.179869 -0.311542
v -1.727498 -0.179869 -0.311542
v -1.714998 0.179869 -0.311542
v -1.727498 0.179869 -0.311542
v -1.714998 0.359738 -0.000000
v -1.727498 0.359738 -0.000000
v -1.714998 0.179869 0.311542
v -1.727498 0.179869 0.311542
v -1.714998 -0.179869 0.311542
v -1.727498 -0.179869 0.311542
v -1.714998 -0.209566 -0.292156
v -1.727498 -0.209566 -0.292156
v -1.714998 0.148231 -0.327567
v -1.727498 0.148231 -0.327567
v -1.714998 0.357797 -0.035411
v -1.727498 0.357797 -0.035411
v -1.714998 0.209566 0.292156
v -1.727498 0.209566 0.292156
v -1.714998 -0.148231 0.327567
v -1.727498 -0.148231 0.327567
v -1.714998 -0.357797 0.035411
v -1.727498 -0.357797 0.035411
v -1.714998 -0.357797 -0.035411
v -1.727498 -0.357797 -0.035411
v -1.714998 -0.148231 -0.327567
v -1.727498 -0.148231 -0.327567
v -1.714998 0.209566 -0.292156
v -1.727498 0.209566 -0.292156
v -1.714998 0.357797 0.035411
v -1.727498 0.357797 0.035411
v -1.714998 0.148231 0.327567
v -1.727498 0.148231 0.327567
v -1.714998 -0.209566 0.292156
v -1.727498 -0.209566 0.292156
vt 3.368277 1.456093
vt 4.085345 1.456093
vt 4.085348 3.368277
vt 3.368277 3.368277
vt 0.500000 3.368277
vt 1.217069 3.368277
vt 1.217069 6.236556
vt 0.500000 6.236556
vt 1.217069 9.104833
vt 0.500000 9.104833
vt 1.217069 11.973109
vt 0.500000 11.973109
vt 1.217069 14.841389
vt 0.500000 14.841389
vt 1.217069 17.709665
vt 0.500000 17.709665
vt -15.992597 -13.841388
vt -16.709665 -13.841388
vt -16.709665 -13.841388
vt -15.992597 -13.841388
vt 0.500000 -13.841388
vt 1.217069 -13.841388
vt 1.217069 -10.973109
vt 0.500000 -10.973109
vt 1.217069 -8.104833
vt 0.500000 -8.104833
vt 1.217069 -5.236555
vt 0.500000 -5.236555
vt 1.217069 -2.368278
vt 0.500000 -2.368278
vt 4.802416 1.456093
vt 4.802416 3.368277
vt 1.934139 3.368277
vt 1.934139 6.236556
vt 1.934139 9.104833
vt 1.934139 11.973109
vt 1.934139 14.841389
vt 1.934139 17.709665
vt 1.217069 -16.709665
vt 1.934139 -16.709665
vt 1.934139 -13.841388
vt 1.934139 -10.973109
vt 1.934139 -8.104833
vt 1.934139 -5.236555
vt 1.934139 -2.368278
vt 5.519485 1.456093
vt 5.519485 3.368277
vt 2.651208 3.368277
vt 2.651208 6.236556
vt 2.651208 9.104833
vt 2.651208 11.973109
vt 2.651208 14.841389
vt 2.651208 17.709665
vt 2.651208 -16.709665
vt 2.651208 -13.841388
vt 2.651208 -10.973109
vt 2.651208 -8.104833
vt 2.651208 -5.236555
vt 2.651208 -2.368278
vt 6.236554 1.456093
vt 6.236556 3.368277
vt 3.368277 6.236556
vt 3.368277 9.104833
vt 3.368277 11.973109
vt 3.368277 14.841389
vt 3.368277 17.709665
vt 3.368277 -16.709665
vt 3.368277 -13.841388
vt 3.368277 -10.973109
vt 3.368277 -8.104833
vt 3.368277 -5.236555
vt 3.368277 -2.368278
vt 6.953625 1.456093
vt 6.953625 3.368277
vt 4.085348 6.236556
vt 4.085348 9.104833
vt 4.085348 11.973109
vt 4.085348 14.841389
vt 4.085348 17.709665
vt 4.085348 -16.709665
vt 4.085348 -13.841388
vt 4.085348 -10.973109
vt 4.085348 -8.104833
vt 4.085348 -5.236555
vt 4.085348 -2.368278
vt 7.670691 1.456093
vt 7.670693 3.368277
vt 4.802416 6.236556
vt 4.802416 9.104833
vt 4.802416 11.973109
vt 4.802416 14.841389
vt 4.802416 17.709665
vt 4.802416 -16.709665
vt 4.802416 -13.841388
vt 4.802416 -10.973109
vt 4.802416 -8.104833
vt 4.802416 -5.236555
vt 4.802416 -2.368278
vt 8.387764 1.456093
vt 8.387764 3.368277
vt 5.519485 6.236556
vt 5.519485 9.104833
vt 5.519485 11.973109
vt 5.519485 14.841389
vt 5.519485 17.709665
vt 5.519485 -16.709665
vt 5.519485 -13.841388
vt 5.519485 -10.973109
vt 5.519485 -8.104833
vt 5.519485 -5.236555
vt 5.519485 -2.368278
vt 9.104833 1.456093
vt 9.104833 3.368277
vt 6.236556 6.236556
vt 6.236556 9.104833
vt 6.236556 11.973109
vt 6.236556 14.841389
vt 6.236556 17.709665
vt 12.690180 -13.841388
vt 11.973109 -13.841388
vt 11.973109 -13.841388
vt 12.690180 -13.841388
vt 6.236556 -13.841388
vt 6.236556 -10.973109
vt 6.236556 -8.104833
vt 6.236556 -5.236555
vt 6.236556 -2.368278
vt 9.821899 1.456093
vt 9.821901 3.368277
vt 6.953625 6.236556
vt 6.953625 9.104833
vt 6.953625 11.973109
vt 6.953625 14.841389
vt 6.953625 17.709665
vt -11.690180 17.709665
vt -10.973109 17.709665
vt -10.973109 17.709665
vt -11.690180 17.709665
vt 6.953625 -13.841388
vt 6.953625 -10.973109
vt 6.953625 -8.104833
vt 6.953625 -5.236555
vt 6.953625 -2.368278
vt 10.538970 1.456093
vt 10.538972 3.368277
vt 7.670693 6.236556
vt 7.670693 9.104833
vt 7.670693 11.973109
vt 7.670693 14.841389
vt 7.670693 17.709665
vt 6.953625 -16.709665
vt 7.670693 -16.709665
vt 7.670693 -13.841388
vt 7.670693 -10.973109
vt 7.670693 -8.104833
vt 7.670693 -5.236555
vt 7.670693 -2.368278
vt 11.256041 1.456093
vt 11.256041 3.368277
vt 8.387764 6.236556
vt 8.387764 9.104833
vt 8.387764 11.973109
vt 8.387764 14.841389
vt 8.387764 17.709665
vt 8.387764 -16.709665
vt 8.387764 -13.841388
vt 8.387764 -10.973109
vt 8.387764 -8.104833
vt 8.387764 -5.236555
vt 8.387764 -2.368278
vt 11.973109 1.456093
vt 11.973109 3.368277
vt 9.104833 6.236556
vt 9.104833 9.104833
vt 9.104833 11.973109
vt 9.104833 14.841389
vt 9.104833 17.709665
vt 9.104833 -16.709665
vt 9.104833 -13.841388
vt 9.104833 -10.973109
vt 9.104833 -8.104833
vt 9.104833 -5.236555
vt 9.104833 -2.368278
vt 12.690178 1.456093
vt 12.690180 3.368277
vt 9.821901 6.236556
vt 9.821901 9.104833
vt 9.821901 11.973109
vt 9.821901 14.841389
vt 9.821901 17.709665
vt 9.821901 -16.709665
vt 9.821901 -13.841388
vt 9.821901 -10.973109
vt 9.821901 -8.104833
vt 9.821901 -5.236555
vt 9.821901 -2.368278
vt 13.407249 1.456093
vt 13.407249 3.368277
vt 10.538972 6.236556
vt 10.538972 9.104833
vt 10.538972 11.973109
vt 10.538972 14.841389
vt 10.538972 17.709665
vt 10.538972 -16.709665
vt 10.538972 -13.841388
vt 10.538972 -10.973109
vt 10.538972 -8.104833
vt 10.538972 -5.236555
vt 10.538972 -2.368278
vt 14.124315 1.456093
vt 14.124318 3.368277
vt 11.256041 6.236556
vt 11.256041 9.104833
vt 11.256041 11.973109
vt 11.256041 14.841389
vt 11.256041 17.709665
vt 11.256041 -16.709665
vt 11.256041 -13.841388
vt 11.256041 -10.973109
vt 11.256041 -8.104833
vt 11.256041 -5.236555
vt 11.256041 -2.368278
vt 14.841389 1.456093
vt 14.841389 3.368277
vt 11.973109 6.236556
vt 11.973109 9.104833
vt 11.973109 11.973109
vt 11.973109 14.841389
vt 11.973109 17.709665
vt -0.217070 17.709665
vt 0.500000 17.709665
vt -0.217070 17.709665
vt 11.973109 -10.973109
vt 11.973109 -8.104833
vt 11.973109 -5.236555
vt 11.973109 -2.368278
vt 15.558455 1.456093
vt 15.558457 3.368277
vt 12.690180 6.236556
vt 12.690180 9.104833
vt 12.690180 11.973109
vt 12.690180 14.841389
vt 12.690180 17.709665
vt -16.709665 17.709665
vt -15.992597 17.709665
vt -15.992597 17.709665
vt -16.709665 17.709665
vt 12.690180 -10.973109
vt 12.690180 -8.104833
vt 12.690180 -5.236555
vt 12.690180 -2.368278
vt 16.275524 1.456093
vt 16.275526 3.368277
vt 13.407249 6.236556
vt 13.407249 9.104833
vt 13.407249 11.973109
vt 13.407249 14.841389
vt 13.407249 17.709665
vt 12.690180 -16.709665
vt 13.407249 -16.709665
vt 13.407249 -13.841388
vt 13.407249 -10.973109
vt 13.407249 -8.104833
vt 13.407249 -5.236555
vt 13.407249 -2.368278
vt 16.992594 1.456093
vt 16.992596 3.368277
vt 14.124318 6.236556
vt 14.124318 9.104833
vt 14.124318 11.973109
vt 14.124318 14.841389
vt 14.124318 17.709665
vt 14.124318 -16.709665
vt 14.124318 -13.841388
vt 14.124318 -10.973109
vt 14.124318 -8.104833
vt 14.124318 -5.236555
vt 14.124318 -2.368278
vt 17.709665 1.456093
vt 17.709665 3.368277
vt 14.841389 6.236556
vt 14.841389 9.104833
vt 14.841389 11.973109
vt 14.841389 14.841389
vt 14.841389 17.709665
vt 14.841389 -16.709665
vt 14.841389 -13.841388
vt 14.841389 -10.973109
vt 14.841389 -8.104833
vt 14.841389 -5.236555
vt 14.841389 -2.368278
vt -16.709665 1.456093
vt -15.992597 1.456093
vt -15.992597 3.368277
vt -16.709665 3.368277
vt 15.558457 6.236556
vt 15.558457 9.104833
vt 15.558457 11.973109
vt 15.558457 14.841389
vt 15.558457 17.709665
vt 15.558457 -16.709665
vt 15.558457 -13.841388
vt 15.558457 -10.973109
vt 15.558457 -8.104833
vt 15.558457 -5.236555
vt 15.558457 -2.368278
vt -15.275527 1.456093
vt -15.275527 3.368277
vt 16.275526 6.236556
vt 16.275526 9.104833
vt 16.275526 11.973109
vt 16.275526 14.841389
vt 16.275526 17.709665
vt 16.275526 -16.709665
vt 16.275526 -13.841388
vt 16.275526 -10.973109
vt 16.275526 -8.104833
vt 16.275526 -5.236555
vt 16.275526 -2.368278
vt -14.558457 1.456093
vt -14.558457 3.368277
vt 16.992596 6.236556
vt 16.992596 9.104833
vt 16.992596 11.973109
vt 16.992596 14.841389
vt 16.992596 17.709665
vt 16.992596 -16.709665
vt 16.992596 -13.841388
vt 16.992596 -10.973109
vt 16.992596 -8.104833
vt 16.992596 -5.236555
vt 16.992596 -2.368278
vt -13.841389 1.456093
vt -13.841388 3.368277
vt 17.709665 6.236556
vt 17.709665 9.104833
vt 17.709665 11.973109
vt 17.709665 14.841389
vt 17.709665 17.709665
vt -4.519486 -16.709665
vt -4.519486 -13.841388
vt -4.519486 -13.841388
vt -4.519486 -16.709665
vt 17.709665 -13.841388
vt 17.709665 -10.973109
vt 17.709665 -8.104833
vt 17.709665 -5.236555
vt 17.709665 -2.368278
vt -13.124319 1.456093
vt -13.124319 3.368277
vt -15.992597 6.236556
vt -16.709665 6.236556
vt -15.992597 9.104833
vt -16.709665 9.104833
vt -15.992597 11.973109
vt -16.709665 11.973109
vt -15.992597 14.841389
vt -16.709665 14.841389
vt -10.256041 -13.841388
vt -10.973109 -13.841388
vt -10.973109 -13.841388
vt -10.256041 -13.841388
vt -15.992597 -10.973109
vt -16.709665 -10.973109
vt -15.992597 -8.104833
vt -16.709665 -8.104833
vt -15.992597 -5.236555
vt -16.709665 -5.236555
vt -15.992597 -2.368278
vt -16.709665 -2.368278
vt -12.407249 1.456093
vt -12.407249 3.368277
vt -15.275527 6.236556
vt -15.275527 9.104833
vt -15.275527 11.973109
vt -15.275527 14.841389
vt -15.275527 17.709665
vt -15.992597 -16.709665
vt -15.275527 -16.709665
vt -15.275527 -13.841388
vt -15.275527 -10.973109
vt -15.275527 -8.104833
vt -15.275527 -5.236555
vt -15.275527 -2.368278
vt -11.690180 1.456093
vt -11.690180 3.368277
vt -14.558457 6.236556
vt -14.558457 9.104833
vt -14.558457 11.973109
vt -14.558457 14.841389
vt -14.558457 17.709665
vt -14.558457 -16.709665
vt -14.558457 -13.841388
vt -14.558457 -10.973109
vt -14.558457 -8.104833
vt -14.558457 -5.236555
vt -14.558457 -2.368278
vt -10.973110 1.456093
vt -10.973109 3.368277
vt -13.841388 6.236556
vt -13.841388 9.104833
vt -13.841388 11.973109
vt -13.841388 14.841389
vt -13.841388 17.709665
vt -13.841388 -16.709665
vt -13.841388 -13.841388
vt -13.841388 -10.973109
vt -13.841388 -8.104833
vt -13.841388 -5.236555
vt -13.841388 -2.368278
vt -10.256041 1.456093
vt -10.256041 3.368277
vt -13.124319 6.236556
vt -13.124319 9.104833
vt -13.124319 11.973109
vt -13.124319 14.841389
vt -13.124319 17.709665
vt -13.124319 -16.709665
vt -13.124319 -13.841388
vt -13.124319 -10.973109
vt -13.124319 -8.104833
vt -13.124319 -5.236555
vt -13.124319 -2.368278
vt -9.538972 1.456093
vt -9.538972 3.368277
vt -12.407249 6.236556
vt -12.407249 9.104833
vt -12.407249 11.973109
vt -12.407249 14.841389
vt -12.407249 17.709665
vt -12.407249 -16.709665
vt -12.407249 -13.841388
vt -12.407249 -10.973109
vt -12.407249 -8.104833
vt -12.407249 -5.236555
vt -12.407249 -2.368278
vt -8.821901 1.456093
vt -8.821901 3.368277
vt -11.690180 6.236556
vt -11.690180 9.104833
vt -11.690180 11.973109
vt -11.690180 14.841389
vt -11.690180 -16.709665
vt -11.690180 -13.841388
vt -11.690180 -10.973109
vt -11.690180 -8.104833
vt -11.690180 -5.236555
vt -11.690180 -2.368278
vt -8.104833 1.456093
vt -8.104833 3.368277
vt -10.973109 6.236556
vt -10.973109 9.104833
vt -10.973109 11.973109
vt -10.973109 14.841389
vt 12.690180 17.709665
vt 11.973109 17.709665
vt -10.973109 -10.973109
vt -10.973109 -8.104833
vt -10.973109 -5.236555
vt -10.973109 -2.368278
vt -7.387763 1.456093
vt -7.387763 3.368277
vt -10.256041 6.236556
vt -10.256041 9.104833
vt -10.256041 11.973109
vt -10.256041 14.841389
vt -10.256041 17.709665
vt -11.690180 -16.709665
vt -11.690180 -13.841388
vt -10.256041 -10.973109
vt -10.256041 -8.104833
vt -10.256041 -5.236555
vt -10.256041 -2.368278
vt -6.670694 1.456093
vt -6.670694 3.368277
vt -9.538972 6.236556
vt -9.538972 9.104833
vt -9.538972 11.973109
vt -9.538972 14.841389
vt -9.538972 17.709665
vt -10.256041 -16.709665
vt -9.538972 -16.709665
vt -9.538972 -13.841388
vt -9.538972 -10.973109
vt -9.538972 -8.104833
vt -9.538972 -5.236555
vt -9.538972 -2.368278
vt -5.953625 1.456093
vt -5.953625 3.368277
vt -8.821901 6.236556
vt -8.821901 9.104833
vt -8.821901 11.973109
vt -8.821901 14.841389
vt -8.821901 17.709665
vt -8.821901 -16.709665
vt -8.821901 -13.841388
vt -8.821901 -10.973109
vt -8.821901 -8.104833
vt -8.821901 -5.236555
vt -8.821901 -2.368278
vt -5.236556 1.456093
vt -5.236555 3.368277
vt -8.104833 6.236556
vt -8.104833 9.104833
vt -8.104833 11.973109
vt -8.104833 14.841389
vt -8.104833 17.709665
vt -8.104833 -16.709665
vt -8.104833 -13.841388
vt -8.104833 -10.973109
vt -8.104833 -8.104833
vt -8.104833 -5.236555
vt -8.104833 -2.368278
vt -4.519487 1.456093
vt -4.519486 3.368277
vt -7.387763 6.236556
vt -7.387763 9.104833
vt -7.387763 11.973109
vt -7.387763 14.841389
vt -7.387763 17.709665
vt -7.387763 -16.709665
vt -7.387763 -13.841388
vt -7.387763 -10.973109
vt -7.387763 -8.104833
vt -7.387763 -5.236555
vt -7.387763 -2.368278
vt -3.802416 1.456093
vt -3.802416 3.368277
vt -6.670694 6.236556
vt -6.670694 9.104833
vt -6.670694 11.973109
vt -6.670694 14.841389
vt -6.670694 17.709665
vt -6.670694 -16.709665
vt -6.670694 -13.841388
vt -6.670694 -10.973109
vt -6.670694 -8.104833
vt -6.670694 -5.236555
vt -6.670694 -2.368278
vt -3.085348 1.456093
vt -3.085347 3.368277
vt -5.953625 6.236556
vt -5.953625 9.104833
vt -5.953625 11.973109
vt -5.953625 14.841389
vt -5.953625 17.709665
vt -5.953625 -16.709665
vt -5.953625 -13.841388
vt -5.953625 -10.973109
vt -5.953625 -8.104833
vt -5.953625 -5.236555
vt -5.953625 -2.368278
vt -2.368278 1.456093
vt -2.368278 3.368277
vt -5.236555 6.236556
vt -5.236555 9.104833
vt -5.236555 11.973109
vt -5.236555 14.841389
vt -5.236555 17.709665
vt 16.992596 -16.709665
vt 16.992596 -13.841388
vt -5.236555 -13.841388
vt -5.236555 -10.973109
vt -5.236555 -8.104833
vt -5.236555 -5.236555
vt -5.236555 -2.368278
vt -1.651208 1.456093
vt -1.651208 3.368277
vt -4.519486 6.236556
vt -4.519486 9.104833
vt -4.519486 11.973109
vt -4.519486 14.841389
vt -4.519486 17.709665
vt -10.256041 17.709665
vt -4.519486 -10.973109
vt -4.519486 -8.104833
vt -4.519486 -5.236555
vt -4.519486 -2.368278
vt -0.934138 1.456093
vt -0.934138 3.368277
vt -3.802416 6.236556
vt -3.802416 9.104833
vt -3.802416 11.973109
vt -3.802416 14.841389
vt -3.802416 17.709665
vt -3.802416 -16.709665
vt -3.802416 -13.841388
vt -3.802416 -10.973109
vt -3.802416 -8.104833
vt -3.802416 -5.236555
vt -3.802416 -2.368278
vt -0.217071 1.456093
vt -0.217070 3.368277
vt -3.085347 6.236556
vt -3.085347 9.104833
vt -3.085347 11.973109
vt -3.085347 14.841389
vt -3.085347 17.709665
vt -3.085347 -16.709665
vt -3.085347 -13.841388
vt -3.085347 -10.973109
vt -3.085347 -8.104833
vt -3.085347 -5.236555
vt -3.085347 -2.368278
vt 0.500000 1.456093
vt -2.368278 6.236556
vt -2.368278 9.104833
vt -2.368278 11.973109
vt -2.368278 14.841389
vt -2.368278 17.709665
vt -2.368278 -16.709665
vt -2.368278 -13.841388
vt -2.368278 -10.973109
vt -2.368278 -8.104833
vt -2.368278 -5.236555
vt -2.368278 -2.368278
vt 2.651208 1.456093
vt -1.651208 6.236556
vt -1.651208 9.104833
vt -1.651208 11.973109
vt -1.651208 14.841389
vt -1.651208 17.709665
vt -1.651208 -16.709665
vt -1.651208 -13.841388
vt -1.651208 -10.973109
vt -1.651208 -8.104833
vt -1.651208 -5.236555
vt -1.651208 -2.368278
vt -0.934138 6.236556
vt -0.934138 9.104833
vt -0.934138 11.973109
vt -0.934138 14.841389
vt -0.934138 17.709665
vt -0.934138 -16.709665
vt -0.934138 -13.841388
vt -0.934138 -10.973109
vt -0.934138 -8.104833
vt -0.934138 -5.236555
vt -0.934138 -2.368278
vt 1.217067 1.456093
vt 1.934139 1.456093
vt -0.217070 6.236556
vt -0.217070 9.104833
vt -0.217070 11.973109
vt -0.217070 14.841389
vt -0.217070 -16.709665
vt -0.217070 -13.841388
vt -0.217070 -10.973109
vt -0.217070 -8.104833
vt -0.217070 -5.236555
vt -0.217070 -2.368278
vt -5.953625 -13.841388
vt -5.236555 -13.841388
vt 0.500000 -16.709665
vt 1.217069 -16.709665
vt 1.217069 -13.841388
vt 0.500000 -13.841388
vt 5.519485 -16.709665
vt 6.236556 -16.709665
vt 6.236556 -13.841388
vt 5.519485 -13.841388
vt 6.953625 -16.709665
vt 6.953625 -13.841388
vt 11.256041 -16.709665
vt 11.973109 -16.709665
vt 11.256041 -13.841388
vt 12.690180 -16.709665
vt 17.709665 -16.709665
vt 17.709665 -13.841388
vt -16.709665 -16.709665
vt -15.992597 -16.709665
vt -10.973109 -16.709665
vt -10.256041 -16.709665
vt -5.953625 -16.709665
vt -5.236555 -16.709665
vt -0.217070 -16.709665
vt -0.217070 -13.841388
vt 1.217069 17.709665
vt 17.709665 17.709665
vt 16.992596 17.709665
vt 11.256041 17.709665
vt 6.953625 17.709665
vt 6.236556 17.709665
vt -4.519486 17.709665
vt -5.236555 17.709665
vt 5.519485 17.709665
vt -5.953625 17.709665
vt 1.217067 -0.456093
vt 0.500000 -0.456093
vt 5.519485 -0.456093
vt 6.236554 -0.456093
vt 6.236554 -0.456093
vt 5.519485 -0.456093
vt 2.651208 -0.456093
vt 1.934139 -0.456093
vt 3.368277 -0.456093
vt -0.217071 -0.456093
vt 6.236554 1.456093
vt 6.953625 1.456093
vt -0.934138 -0.456093
vt -1.651208 -0.456093
vt -2.368278 -0.456093
vt -3.085348 -0.456093
vt -3.802416 -0.456093
vt -4.519487 -0.456093
vt -5.236556 -0.456093
vt -10.256041 -0.456093
vt -10.256041 1.456093
vt -10.256041 -0.456093
vt -5.953625 -0.456093
vt 16.992594 -0.456093
vt 16.992594 -0.456093
vt 16.992594 1.456093
vt -6.670694 -0.456093
vt -7.387763 -0.456093
vt -8.104833 -0.456093
vt -8.821901 -0.456093
vt -9.538972 -0.456093
vt -10.973110 -0.456093
vt 11.256041 1.456093
vt 11.973109 1.456093
vt -11.690180 -0.456093
vt 6.953625 -0.456093
vt 6.953625 -0.456093
vt -12.407249 -0.456093
vt -13.124319 -0.456093
vt -13.841389 -0.456093
vt -14.558457 -0.456093
vt -15.275527 -0.456093
vt -15.992597 -0.456093
vt -16.709665 -0.456093
vt 11.256041 -0.456093
vt 11.973109 -0.456093
vt 11.973109 -0.456093
vt 11.256041 -0.456093
vt 17.709665 -0.456093
vt -0.217071 -0.456093
vt -0.217071 1.456093
vt 16.275524 -0.456093
vt 15.558457 -0.456093
vt 14.841389 -0.456093
vt 14.124315 -0.456093
vt 13.407249 -0.456093
vt 12.690178 -0.456093
vt 12.690178 1.456093
vt 1.217067 1.456093
vt 1.217067 -0.456093
vt 10.538970 -0.456093
vt 9.821899 -0.456093
vt 9.104833 -0.456093
vt 8.387764 -0.456093
vt 7.670691 -0.456093
vt 17.709665 1.456093
vt 12.690178 -0.456093
vt 4.802416 -0.456093
vt 4.085345 -0.456093
vt 0.500000 -0.456093
vt 0.500000 1.456093
vt -5.236556 -0.456093
vt -4.519487 -0.456093
vt -4.519487 1.456093
vt -5.236556 1.456093
vt -5.953625 -0.456093
vt -5.953625 1.456093
vt -10.973110 -0.456093
vt -10.973110 1.456093
vt -11.690180 -0.456093
vt -11.690180 1.456093
vt -16.709665 -0.456093
vt -15.992597 -0.456093
vt -15.992597 1.456093
vt -16.709665 1.456093
vt 17.709665 -0.456093
vt 5.519485 1.456093
vn 0.0000 -0.8660 -0.5000
vn 0.0000 -0.7934 -0.6088
vn 0.3772 -0.7348 -0.5638
vn 0.3772 -0.8021 -0.4631
vn 0.3772 -0.9261 0.0000
vn 0.3772 -0.9182 -0.1209
vn 0.8614 -0.5037 -0.0663
vn 0.8614 -0.5080 -0.0000
vn 0.9999 -0.0107 -0.0014
vn 0.9999 -0.0108 0.0000
vn 0.8707 0.4876 0.0642
vn 0.8707 0.4918 0.0000
vn 0.5047 0.8559 0.1127
vn 0.5047 0.8633 0.0000
vn 0.3562 0.9219 -0.1524
vn 0.6971 0.7170 0.0000
vn -0.7588 -0.6251 0.1830
vn -0.9605 -0.2784 -0.0000
vn -0.8825 -0.4703 -0.0000
vn -0.7017 -0.4526 0.5503
vn -0.9605 0.2784 0.0000
vn -0.7588 0.6251 -0.1830
vn -0.8707 0.4876 0.0642
vn -0.8707 0.4918 -0.0000
vn -0.9999 -0.0107 -0.0014
vn -0.9999 -0.0108 0.0000
vn -0.8614 -0.5037 -0.0663
vn -0.8614 -0.5080 0.0000
vn -0.3772 -0.9182 -0.1209
vn -0.3772 -0.9261 0.0000
vn 0.0000 -0.7071 -0.7071
vn 0.3772 -0.6549 -0.6549
vn 0.3772 -0.8946 -0.2397
vn 0.8614 -0.4907 -0.1315
vn 0.9999 -0.0104 -0.0028
vn 0.8707 0.4751 0.1273
vn 0.5047 0.8339 0.2234
vn 0.0000 0.9659 0.2588
vn -0.5047 0.8339 0.2234
vn -0.8707 0.4751 0.1273
vn -0.9999 -0.0104 -0.0028
vn -0.8614 -0.4907 -0.1315
vn -0.3772 -0.8946 -0.2397
vn 0.2950 -0.7983 -0.5250
vn 0.3772 -0.5638 -0.7348
vn 0.3772 -0.8556 -0.3544
vn 0.8614 -0.4693 -0.1944
vn 0.9999 -0.0100 -0.0041
vn 0.8707 0.4544 0.1882
vn 0.5047 0.7976 0.3304
vn -0.0000 0.9239 0.3827
vn -0.5047 0.7976 0.3304
vn -0.8707 0.4544 0.1882
vn -0.9999 -0.0100 -0.0041
vn -0.8614 -0.4693 -0.1944
vn -0.3772 -0.8556 -0.3544
vn 0.7221 -0.3459 -0.5991
vn 0.3772 -0.4631 -0.8021
vn 0.8614 -0.4399 -0.2540
vn 0.9999 -0.0093 -0.0054
vn 0.8707 0.4259 0.2459
vn 0.5047 0.7476 0.4316
vn 0.0000 0.8660 0.5000
vn -0.5047 0.7476 0.4316
vn -0.8707 0.4259 0.2459
vn -0.9999 -0.0093 -0.0054
vn -0.8614 -0.4399 -0.2540
vn -0.3772 -0.8021 -0.4631
vn 0.2950 -0.0556 -0.9539
vn 0.3772 -0.3544 -0.8556
vn 0.8614 -0.4030 -0.3093
vn 0.9999 -0.0086 -0.0066
vn 0.8707 0.3902 0.2994
vn 0.5047 0.6849 0.5255
vn -0.0000 0.7934 0.6088
vn -0.5047 0.6849 0.5255
vn -0.8707 0.3902 0.2994
vn -0.9999 -0.0086 -0.0066
vn -0.8614 -0.4030 -0.3093
vn -0.3772 -0.7348 -0.5638
vn 0.0000 -0.2588 -0.9659
vn 0.3772 -0.2397 -0.8946
vn 0.8614 -0.3592 -0.3592
vn 0.9999 -0.0076 -0.0076
vn 0.8707 0.3478 0.3478
vn 0.5047 0.6104 0.6104
vn 0.0000 0.7071 0.7071
vn -0.5047 0.6104 0.6104
vn -0.8707 0.3478 0.3478
vn -0.9999 -0.0076 -0.0076
vn -0.8614 -0.3592 -0.3592
vn -0.3772 -0.6549 -0.6549
vn -0.0000 -0.1305 -0.9914
vn 0.3772 -0.1209 -0.9182
vn 0.8614 -0.3093 -0.4030
vn 0.9999 -0.0066 -0.0086
vn 0.8707 0.2994 0.3902
vn 0.5047 0.5255 0.6849
vn 0.3562 0.3289 0.8746
vn -0.7588 0.1540 0.6329
vn -0.8707 0.2994 0.3902
vn -0.9999 -0.0066 -0.0086
vn -0.8614 -0.3093 -0.4030
vn -0.3772 -0.5638 -0.7348
vn -0.0000 0.0000 -1.0000
vn 0.3772 0.0000 -0.9261
vn 0.8614 -0.2540 -0.4399
vn 0.9999 -0.0054 -0.0093
vn 0.8707 0.2459 0.4259
vn 0.5047 0.4316 0.7476
vn 0.6971 0.3585 0.6210
vn -0.7588 -0.1540 0.6329
vn -0.9605 -0.1392 0.2411
vn -0.8825 -0.2352 0.4073
vn -0.7017 0.2502 0.6671
vn -0.9605 0.1392 0.2411
vn -0.8707 0.2459 0.4259
vn -0.9999 -0.0054 -0.0093
vn -0.8614 -0.2540 -0.4399
vn -0.3772 -0.4631 -0.8021
vn 0.0000 0.1305 -0.9914
vn 0.3772 0.1209 -0.9182
vn 0.8614 -0.1944 -0.4693
vn 0.9999 -0.0041 -0.0100
vn 0.8707 0.1882 0.4544
vn 0.5047 0.3304 0.7976
vn 0.3562 0.5930 0.7222
vn 0.3562 -0.3289 -0.8746
vn 0.6971 -0.3585 -0.6210
vn 0.5158 -0.4284 -0.7419
vn 0.4124 0.0756 -0.9079
vn -0.7588 0.4711 0.4498
vn -0.8707 0.1882 0.4544
vn -0.9999 -0.0041 -0.0100
vn -0.8614 -0.1944 -0.4693
vn -0.3772 -0.3544 -0.8556
vn 0.0000 0.2588 -0.9659
vn 0.3772 0.2397 -0.8946
vn 0.8614 -0.1315 -0.4907
vn 0.9999 -0.0028 -0.0104
vn 0.8707 0.1273 0.4751
vn 0.5047 0.2234 0.8339
vn -0.0000 0.2588 0.9659
vn -0.5047 0.2234 0.8339
vn -0.8707 0.1273 0.4751
vn -0.9999 -0.0028 -0.0104
vn -0.8614 -0.1315 -0.4907
vn -0.3772 -0.2397 -0.8946
vn 0.2950 0.0556 -0.9539
vn 0.3772 0.3544 -0.8556
vn 0.8614 -0.0663 -0.5037
vn 0.9999 -0.0014 -0.0107
vn 0.8707 0.0642 0.4876
vn 0.5047 0.1127 0.8559
vn -0.0000 0.1305 0.9914
vn -0.5047 0.1127 0.8559
vn -0.8707 0.0642 0.4876
vn -0.9999 -0.0014 -0.0107
vn -0.8614 -0.0663 -0.5037
vn -0.3772 -0.1209 -0.9182
vn 0.7221 0.3459 -0.5991
vn 0.3772 0.4631 -0.8021
vn 0.8614 0.0000 -0.5080
vn 0.9999 -0.0000 -0.0108
vn 0.8707 -0.0000 0.4918
vn 0.5047 -0.0000 0.8633
vn -0.0000 -0.0000 1.0000
vn -0.5047 -0.0000 0.8633
vn -0.8707 -0.0000 0.4918
vn -0.9999 -0.0000 -0.0108
vn -0.8614 -0.0000 -0.5080
vn -0.3772 0.0000 -0.9261
vn 0.2950 0.7983 -0.5250
vn 0.3772 0.5638 -0.7348
vn 0.8614 0.0663 -0.5037
vn 0.9999 0.0014 -0.0107
vn 0.8707 -0.0642 0.4876
vn 0.5047 -0.1127 0.8559
vn 0.0000 -0.1305 0.9914
vn -0.5047 -0.1127 0.8559
vn -0.8707 -0.0642 0.4876
vn -0.9999 0.0014 -0.0107
vn -0.8614 0.0663 -0.5037
vn -0.3772 0.1209 -0.9182
vn 0.0000 0.7071 -0.7071
vn 0.3772 0.6549 -0.6549
vn 0.8614 0.1315 -0.4907
vn 0.9999 0.0028 -0.0104
vn 0.8707 -0.1273 0.4751
vn 0.5047 -0.2234 0.8339
vn 0.0000 -0.2588 0.9659
vn -0.5047 -0.2234 0.8339
vn -0.8707 -0.1273 0.4751
vn -0.9999 0.0028 -0.0104
vn -0.8614 0.1315 -0.4907
vn -0.3772 0.2397 -0.8946
vn 0.0000 0.7934 -0.6088
vn 0.3772 0.7348 -0.5638
vn 0.8614 0.1944 -0.4693
vn 0.9999 0.0041 -0.0100
vn 0.8707 -0.1882 0.4544
vn 0.5047 -0.3304 0.7976
vn 0.3562 -0.5930 0.7222
vn -0.7588 -0.4711 0.4498
vn -0.8707 -0.1882 0.4544
vn -0.9999 0.0041 -0.0100
vn -0.8614 0.1944 -0.4693
vn -0.3772 0.3544 -0.8556
vn 0.0000 0.8660 -0.5000
vn 0.3772 0.8021 -0.4631
vn 0.8614 0.2540 -0.4399
vn 0.9999 0.0054 -0.0093
vn 0.8707 -0.2459 0.4259
vn 0.5047 -0.4316 0.7476
vn 0.6971 -0.3585 0.6210
vn 0.3562 0.9219 0.1524
vn 0.5158 0.8567 -0.0000
vn 0.4124 0.7484 0.5194
vn -0.8707 -0.2459 0.4259
vn -0.9999 0.0054 -0.0093
vn -0.8614 0.2540 -0.4399
vn -0.3772 0.4631 -0.8021
vn 0.0000 0.9239 -0.3827
vn 0.3772 0.8556 -0.3544
vn 0.8614 0.3093 -0.4030
vn 0.9999 0.0066 -0.0086
vn 0.8707 -0.2994 0.3902
vn 0.5047 -0.5255 0.6849
vn 0.3562 -0.3289 0.8746
vn 0.6971 -0.7170 -0.0000
vn 0.3562 -0.9219 0.1524
vn 0.4124 -0.7484 0.5194
vn 0.5158 -0.8567 -0.0000
vn -0.8707 -0.2994 0.3902
vn -0.9999 0.0066 -0.0086
vn -0.8614 0.3093 -0.4030
vn -0.3772 0.5638 -0.7348
vn 0.0000 0.9659 -0.2588
vn 0.3772 0.8946 -0.2397
vn 0.8614 0.3592 -0.3592
vn 0.9999 0.0076 -0.0076
vn 0.8707 -0.3478 0.3478
vn 0.5047 -0.6104 0.6104
vn -0.0000 -0.7071 0.7071
vn -0.5047 -0.6104 0.6104
vn -0.8707 -0.3478 0.3478
vn -0.9999 0.0076 -0.0076
vn -0.8614 0.3592 -0.3592
vn -0.3772 0.6549 -0.6549
vn 0.2950 0.8539 -0.4288
vn 0.3772 0.9182 -0.1209
vn 0.8614 0.4030 -0.3093
vn 0.9999 0.0086 -0.0066
vn 0.8707 -0.3902 0.2994
vn 0.5047 -0.6849 0.5255
vn 0.0000 -0.7934 0.6088
vn -0.5047 -0.6849 0.5255
vn -0.8707 -0.3902 0.2994
vn -0.9999 0.0086 -0.0066
vn -0.8614 0.4030 -0.3093
vn -0.3772 0.7348 -0.5638
vn 0.7221 0.6918 0.0000
vn 0.3772 0.9261 0.0000
vn 0.8614 0.4399 -0.2540
vn 0.9999 0.0093 -0.0054
vn 0.8707 -0.4259 0.2459
vn 0.5047 -0.7476 0.4316
vn 0.0000 -0.8660 0.5000
vn -0.5047 -0.7476 0.4316
vn -0.8707 -0.4259 0.2459
vn -0.9999 0.0093 -0.0054
vn -0.8614 0.4399 -0.2540
vn -0.3772 0.8021 -0.4631
vn 0.2950 0.8539 0.4288
vn 0.3772 0.9182 0.1209
vn 0.8614 0.4693 -0.1944
vn 0.9999 0.0100 -0.0041
vn 0.8707 -0.4544 0.1882
vn 0.5047 -0.7976 0.3304
vn 0.0000 -0.9239 0.3827
vn -0.5047 -0.7976 0.3304
vn -0.8707 -0.4544 0.1882
vn -0.9999 0.0100 -0.0041
vn -0.8614 0.4693 -0.1944
vn -0.3772 0.8556 -0.3544
vn 0.3772 0.8946 0.2397
vn 0.8614 0.4907 -0.1315
vn 0.9999 0.0104 -0.0028
vn 0.8707 -0.4751 0.1273
vn 0.5047 -0.8339 0.2234
vn -0.0000 -0.9659 0.2588
vn -0.5047 -0.8339 0.2234
vn -0.8707 -0.4751 0.1273
vn -0.9999 0.0104 -0.0028
vn -0.8614 0.4907 -0.1315
vn -0.3772 0.8946 -0.2397
vn 0.3772 0.8556 0.3544
vn 0.8614 0.5037 -0.0663
vn 0.9999 0.0107 -0.0014
vn 0.8707 -0.4876 0.0642
vn 0.5047 -0.8559 0.1127
vn 0.3562 -0.9219 -0.1524
vn -0.7588 -0.6251 -0.1830
vn -0.8707 -0.4876 0.0642
vn -0.9999 0.0107 -0.0014
vn -0.8614 0.5037 -0.0663
vn -0.3772 0.9182 -0.1209
vn 0.3772 0.8021 0.4631
vn 0.8614 0.5080 0.0000
vn 0.9999 0.0108 -0.0000
vn 0.8707 -0.4918 0.0000
vn 0.5047 -0.8633 0.0000
vn 0.3562 0.3289 -0.8746
vn -0.7588 0.1540 -0.6329
vn -0.7017 -0.2502 -0.6671
vn 0.4124 -0.0756 -0.9079
vn -0.8707 -0.4918 -0.0000
vn -0.9999 0.0108 -0.0000
vn -0.8614 0.5080 -0.0000
vn -0.3772 0.9261 -0.0000
vn 0.3772 0.7348 0.5638
vn 0.8614 0.5037 0.0663
vn 0.9999 0.0107 0.0014
vn 0.8707 -0.4876 -0.0642
vn 0.5047 -0.8559 -0.1127
vn -0.7588 -0.4711 -0.4498
vn -0.9605 -0.1392 -0.2411
vn -0.8825 -0.2351 -0.4073
vn -0.7017 -0.7028 -0.1168
vn -0.8707 -0.4876 -0.0642
vn -0.9999 0.0107 0.0014
vn -0.8614 0.5037 0.0663
vn -0.3772 0.9182 0.1209
vn 0.3772 0.6549 0.6549
vn 0.8614 0.4907 0.1315
vn 0.9999 0.0104 0.0028
vn 0.8707 -0.4751 -0.1273
vn 0.5047 -0.8339 -0.2234
vn -0.0000 -0.9659 -0.2588
vn -0.5047 -0.8339 -0.2234
vn -0.8707 -0.4751 -0.1273
vn -0.9999 0.0104 0.0028
vn -0.8614 0.4907 0.1315
vn -0.3772 0.8946 0.2397
vn 0.2950 0.7983 0.5250
vn 0.3772 0.5638 0.7348
vn 0.8614 0.4693 0.1944
vn 0.9999 0.0100 0.0041
vn 0.8707 -0.4544 -0.1882
vn 0.5047 -0.7976 -0.3304
vn -0.0000 -0.9239 -0.3827
vn -0.5047 -0.7976 -0.3304
vn -0.8707 -0.4544 -0.1882
vn -0.9999 0.0100 0.0041
vn -0.8614 0.4693 0.1944
vn -0.3772 0.8556 0.3544
vn 0.7221 0.3459 0.5991
vn 0.3772 0.4631 0.8021
vn 0.8614 0.4399 0.2540
vn 0.9999 0.0093 0.0054
vn 0.8707 -0.4259 -0.2459
vn 0.5047 -0.7476 -0.4316
vn -0.5047 -0.7476 -0.4316
vn -0.8707 -0.4259 -0.2459
vn -0.9999 0.0093 0.0054
vn -0.8614 0.4399 0.2540
vn -0.3772 0.8021 0.4631
vn 0.2950 0.0556 0.9539
vn 0.3772 0.3544 0.8556
vn 0.8614 0.4030 0.3093
vn 0.9999 0.0086 0.0066
vn 0.8707 -0.3902 -0.2994
vn 0.5047 -0.6849 -0.5255
vn -0.5047 -0.6849 -0.5255
vn -0.8707 -0.3902 -0.2994
vn -0.9999 0.0086 0.0066
vn -0.8614 0.4030 0.3093
vn -0.3772 0.7348 0.5638
vn 0.3772 0.2397 0.8946
vn 0.8614 0.3592 0.3592
vn 0.9999 0.0076 0.0076
vn 0.8707 -0.3478 -0.3478
vn 0.5047 -0.6104 -0.6104
vn -0.5047 -0.6104 -0.6104
vn -0.8707 -0.3478 -0.3478
vn -0.9999 0.0076 0.0076
vn -0.8614 0.3592 0.3592
vn -0.3772 0.6549 0.6549
vn 0.3772 0.1209 0.9182
vn 0.8614 0.3093 0.4030
vn 0.9999 0.0066 0.0086
vn 0.8707 -0.2994 -0.3902
vn 0.5047 -0.5255 -0.6849
vn -0.7588 -0.1540 -0.6329
vn -0.8707 -0.2994 -0.3902
vn -0.9999 0.0066 0.0086
vn -0.8614 0.3093 0.4030
vn -0.3772 0.5638 0.7348
vn 0.3772 0.0000 0.9261
vn 0.8614 0.2540 0.4399
vn 0.9999 0.0054 0.0093
vn 0.8707 -0.2459 -0.4259
vn 0.5047 -0.4316 -0.7476
vn 0.4124 0.0756 0.9079
vn 0.5158 -0.4283 0.7419
vn -0.8707 -0.2459 -0.4259
vn -0.9999 0.0054 0.0093
vn -0.8614 0.2540 0.4399
vn -0.3772 0.4631 0.8021
vn 0.3772 -0.1209 0.9182
vn 0.8614 0.1944 0.4693
vn 0.9999 0.0041 0.0100
vn 0.8707 -0.1882 -0.4544
vn 0.5047 -0.3304 -0.7976
vn 0.3562 -0.5930 -0.7222
vn -0.7017 0.2502 -0.6671
vn -0.8707 -0.1882 -0.4544
vn -0.9999 0.0041 0.0100
vn -0.8614 0.1944 0.4693
vn -0.3772 0.3544 0.8556
vn 0.3772 -0.2397 0.8946
vn 0.8614 0.1315 0.4907
vn 0.9999 0.0028 0.0104
vn 0.8707 -0.1273 -0.4751
vn 0.5047 -0.2234 -0.8339
vn -0.5047 -0.2234 -0.8339
vn -0.8707 -0.1273 -0.4751
vn -0.9999 0.0028 0.0104
vn -0.8614 0.1315 0.4907
vn -0.3772 0.2397 0.8946
vn 0.2950 -0.0556 0.9539
vn 0.3772 -0.3544 0.8556
vn 0.8614 0.0663 0.5037
vn 0.9999 0.0014 0.0107
vn 0.8707 -0.0642 -0.4876
vn 0.5047 -0.1127 -0.8559
vn -0.5047 -0.1127 -0.8559
vn -0.8707 -0.0642 -0.4876
vn -0.9999 0.0014 0.0107
vn -0.8614 0.0663 0.5037
vn -0.3772 0.1209 0.9182
vn 0.7221 -0.3459 0.5991
vn 0.3772 -0.4631 0.8021
vn 0.8614 0.0000 0.5080
vn 0.9999 -0.0000 0.0108
vn 0.8707 -0.0000 -0.4918
vn 0.5047 -0.0000 -0.8633
vn -0.5047 0.0000 -0.8633
vn -0.8707 0.0000 -0.4918
vn -0.9999 0.0000 0.0108
vn -0.8614 0.0000 0.5080
vn -0.3772 -0.0000 0.9261
vn 0.2950 -0.7983 0.5250
vn 0.3772 -0.5638 0.7348
vn 0.8614 -0.0663 0.5037
vn 0.9999 -0.0014 0.0107
vn 0.8707 0.0642 -0.4876
vn 0.5047 0.1127 -0.8559
vn -0.5047 0.1127 -0.8559
vn -0.8707 0.0642 -0.4876
vn -0.9999 -0.0014 0.0107
vn -0.8614 -0.0663 0.5037
vn -0.3772 -0.1209 0.9182
vn 0.3772 -0.6549 0.6549
vn 0.8614 -0.1315 0.4907
vn 0.9999 -0.0028 0.0104
vn 0.8707 0.1273 -0.4751
vn 0.5047 0.2234 -0.8339
vn -0.5047 0.2234 -0.8339
vn -0.8707 0.1273 -0.4751
vn -0.9999 -0.0028 0.0104
vn -0.8614 -0.1315 0.4907
vn -0.3772 -0.2397 0.8946
vn 0.3772 -0.7348 0.5638
vn 0.8614 -0.1944 0.4693
vn 0.9999 -0.0041 0.0100
vn 0.8707 0.1882 -0.4544
vn 0.5047 0.3304 -0.7976
vn 0.3562 0.5930 -0.7222
vn -0.7588 0.4711 -0.4498
vn -0.8707 0.1882 -0.4544
vn -0.9999 -0.0041 0.0100
vn -0.8614 -0.1944 0.4693
vn -0.3772 -0.3544 0.8556
vn 0.3772 -0.8021 0.4631
vn 0.8614 -0.2540 0.4399
vn 0.9999 -0.0054 0.0093
vn 0.8707 0.2459 -0.4259
vn 0.5047 0.4316 -0.7476
vn 0.6971 0.3585 -0.6210
vn 0.4124 -0.7484 -0.5194
vn -0.7017 -0.4526 -0.5503
vn -0.9605 0.1392 -0.2411
vn -0.8707 0.2459 -0.4259
vn -0.9999 -0.0054 0.0093
vn -0.8614 -0.2540 0.4399
vn -0.3772 -0.4631 0.8021
vn 0.3772 -0.8556 0.3544
vn 0.8614 -0.3093 0.4030
vn 0.9999 -0.0066 0.0086
vn 0.8707 0.2994 -0.3902
vn 0.5047 0.5255 -0.6849
vn 0.4124 -0.8241 -0.3884
vn -0.8707 0.2994 -0.3902
vn -0.9999 -0.0066 0.0086
vn -0.8614 -0.3093 0.4030
vn -0.3772 -0.5638 0.7348
vn 0.3772 -0.8946 0.2397
vn 0.8614 -0.3592 0.3592
vn 0.9999 -0.0076 0.0076
vn 0.8707 0.3478 -0.3478
vn 0.5047 0.6104 -0.6104
vn -0.5047 0.6104 -0.6104
vn -0.8707 0.3478 -0.3478
vn -0.9999 -0.0076 0.0076
vn -0.8614 -0.3592 0.3592
vn -0.3772 -0.6549 0.6549
vn 0.2950 -0.8539 0.4288
vn 0.3772 -0.9182 0.1209
vn 0.8614 -0.4030 0.3093
vn 0.9999 -0.0086 0.0066
vn 0.8707 0.3902 -0.2994
vn 0.5047 0.6849 -0.5255
vn -0.5047 0.6849 -0.5255
vn -0.8707 0.3902 -0.2994
vn -0.9999 -0.0086 0.0066
vn -0.8614 -0.4030 0.3093
vn -0.3772 -0.7348 0.5638
vn 0.7221 -0.6918 0.0000
vn 0.8614 -0.4399 0.2540
vn 0.9999 -0.0093 0.0054
vn 0.8707 0.4259 -0.2459
vn 0.5047 0.7476 -0.4316
vn -0.5047 0.7476 -0.4316
vn -0.8707 0.4259 -0.2459
vn -0.9999 -0.0093 0.0054
vn -0.8614 -0.4399 0.2540
vn -0.3772 -0.8021 0.4631
vn 0.8614 -0.4693 0.1944
vn 0.9999 -0.0100 0.0041
vn 0.8707 0.4544 -0.1882
vn 0.5047 0.7976 -0.3304
vn -0.5047 0.7976 -0.3304
vn -0.8707 0.4544 -0.1882
vn -0.9999 -0.0100 0.0041
vn -0.8614 -0.4693 0.1944
vn -0.3772 -0.8556 0.3544
vn 0.8614 -0.4907 0.1315
vn 0.9999 -0.0104 0.0028
vn 0.8707 0.4751 -0.1273
vn 0.5047 0.8339 -0.2234
vn -0.5047 0.8339 -0.2234
vn -0.8707 0.4751 -0.1273
vn -0.9999 -0.0104 0.0028
vn -0.8614 -0.4907 0.1315
vn -0.3772 -0.8946 0.2397
vn 0.2950 -0.8539 -0.4288
vn 0.8614 -0.5037 0.0663
vn 0.9999 -0.0107 0.0014
vn 0.8707 0.4876 -0.0642
vn 0.5047 0.8559 -0.1127
vn -0.7588 0.6251 0.1830
vn -0.8707 0.4876 -0.0642
vn -0.9999 -0.0107 0.0014
vn -0.8614 -0.5037 0.0663
vn -0.3772 -0.9182 0.1209
vn -0.7017 0.7028 -0.1168
vn -0.8825 0.2352 -0.4073
vn 0.4124 0.7484 -0.5194
vn -0.7017 0.4526 -0.5503
vn -0.8825 0.4703 0.0000
vn 0.4124 -0.0756 0.9079
vn 0.5158 0.4284 0.7419
vn -0.8825 0.2352 0.4073
vn -0.7017 -0.2502 0.6671
vn 0.4124 0.8241 0.3884
vn -0.7017 0.7028 0.1168
vn 0.4124 -0.8241 0.3884
vn -0.7017 -0.7028 0.1168
vn 0.4124 0.8241 -0.3884
vn 0.5158 0.4284 -0.7419
vn -0.7017 0.4526 0.5503
vn -0.2950 -0.8539 -0.4288
vn -0.7221 -0.6918 0.0000
vn -0.2950 -0.7983 -0.5250
vn -0.7221 -0.3459 -0.5991
vn -0.6950 -0.3595 -0.6227
vn -0.5768 -0.8003 -0.1636
vn -0.2950 -0.8539 0.4288
vn 0.6950 -0.3595 -0.6227
vn 0.5768 0.2584 -0.7749
vn -0.2950 -0.7983 0.5250
vn -0.7221 -0.3459 0.5991
vn -0.2950 0.0556 0.9539
vn 0.5768 -0.2584 0.7749
vn -0.5768 -0.2584 0.7749
vn -0.2950 -0.0556 0.9539
vn -0.2950 0.8539 -0.4288
vn -0.5768 0.5419 -0.6113
vn 0.5768 0.5419 -0.6113
vn -0.7221 0.3459 0.5991
vn 0.5768 -0.2584 -0.7749
vn 0.6950 0.3595 -0.6227
vn -0.2950 0.7983 0.5250
vn -0.2950 -0.0556 -0.9539
vn -0.5768 0.2584 -0.7749
vn -0.2950 0.8539 0.4288
vn -0.7221 0.6918 0.0000
vn -0.2950 0.0556 -0.9539
vn -0.7221 0.3459 -0.5991
vn -0.6950 0.3595 -0.6227
vn -0.5768 -0.2584 -0.7749
vn -0.5768 -0.5419 0.6113
vn 0.5768 -0.5419 0.6113
vn -0.2950 0.7983 -0.5250
vn 0.5768 0.8003 -0.1636
vn 0.5768 -0.5419 -0.6113
vn -0.5768 -0.5419 -0.6113
vn 0.6950 0.7190 0.0000
vn -0.5768 0.8003 -0.1636
vn -0.6950 -0.7190 0.0000
vn 0.6950 -0.7190 0.0000
vn -0.6950 -0.3595 0.6227
vn -0.5768 -0.8003 0.1637
vn 0.5768 -0.8003 0.1637
vn 0.6950 -0.3595 0.6227
vn -0.5768 0.2584 0.7749
vn 0.5768 0.2584 0.7749
vn -0.6950 0.3595 0.6227
vn 0.6950 0.3595 0.6227
vn -0.5768 0.8003 0.1637
vn 0.5768 0.8003 0.1637
vn -0.6950 0.7190 0.0000
vn -0.5768 0.5419 0.6113
vn 0.5768 0.5419 0.6113
vn 0.5768 -0.8003 -0.1636
usemtl darkermetal
s 1
f 2101/2121/328 2173/2122/329 1590/2123/330 1579/2124/331
f 1535/2125/332 1546/2126/333 1547/2127/334 1536/2128/335
f 1536/2128/335 1547/2127/334 1548/2129/336 1537/2130/337
f 1537/2130/337 1548/2129/336 1549/2131/338 1538/2132/339
f 1538/2132/339 1549/2131/338 1550/2133/340 1539/2134/341
f 1539/2134/341 1550/2133/340 1551/2135/342 1540/2136/343
f 1816/2137/344 1805/2138/345 2079/2139/346 2070/2140/347
f 1541/2141/348 1552/2142/349 1553/2143/350 1542/2144/351
f 1542/2144/351 1553/2143/350 1554/2145/352 1543/2146/353
f 1543/2146/353 1554/2145/352 1555/2147/354 1544/2148/355
f 1544/2148/355 1555/2147/354 1556/2149/356 1545/2150/357
f 2173/2122/329 2149/2151/358 1601/2152/359 1590/2123/330
f 1546/2126/333 1557/2153/360 1558/2154/361 1547/2127/334
f 1547/2127/334 1558/2154/361 1559/2155/362 1548/2129/336
f 1548/2129/336 1559/2155/362 1560/2156/363 1549/2131/338
f 1549/2131/338 1560/2156/363 1561/2157/364 1550/2133/340
f 1550/2133/340 1561/2157/364 1562/2158/365 1551/2135/342
f 1551/2159/342 1562/2160/365 1563/2161/366 1552/2142/349
f 1552/2142/349 1563/2161/366 1564/2162/367 1553/2143/350
f 1553/2143/350 1564/2162/367 1565/2163/368 1554/2145/352
f 1554/2145/352 1565/2163/368 1566/2164/369 1555/2147/354
f 1555/2147/354 1566/2164/369 1567/2165/370 1556/2149/356
f 2149/2151/358 2125/2166/371 1612/2167/372 1601/2152/359
f 1557/2153/360 1568/2168/373 1569/2169/374 1558/2154/361
f 1558/2154/361 1569/2169/374 1570/2170/375 1559/2155/362
f 1559/2155/362 1570/2170/375 1571/2171/376 1560/2156/363
f 1560/2156/363 1571/2171/376 1572/2172/377 1561/2157/364
f 1561/2157/364 1572/2172/377 1573/2173/378 1562/2158/365
f 1562/2160/365 1573/2174/378 1574/2175/379 1563/2161/366
f 1563/2161/366 1574/2175/379 1575/2176/380 1564/2162/367
f 1564/2162/367 1575/2176/380 1576/2177/381 1565/2163/368
f 1565/2163/368 1576/2177/381 1577/2178/382 1566/2164/369
f 1566/2164/369 1577/2178/382 1578/2179/383 1567/2165/370
f 2125/2166/371 2103/2180/384 1623/2181/385 1612/2167/372
f 1568/2168/373 1579/2124/331 1580/2182/386 1569/2169/374
f 1569/2169/374 1580/2182/386 1581/2183/387 1570/2170/375
f 1570/2170/375 1581/2183/387 1582/2184/388 1571/2171/376
f 1571/2171/376 1582/2184/388 1583/2185/389 1572/2172/377
f 1572/2172/377 1583/2185/389 1584/2186/390 1573/2173/378
f 1573/2174/378 1584/2187/390 1585/2188/391 1574/2175/379
f 1574/2175/379 1585/2188/391 1586/2189/392 1575/2176/380
f 1575/2176/380 1586/2189/392 1587/2190/393 1576/2177/381
f 1576/2177/381 1587/2190/393 1588/2191/394 1577/2178/382
f 1577/2178/382 1588/2191/394 1589/2192/395 1578/2179/383
f 2103/2180/384 2175/2193/396 1634/2194/397 1623/2181/385
f 1579/2124/331 1590/2123/330 1591/2195/398 1580/2182/386
f 1580/2182/386 1591/2195/398 1592/2196/399 1581/2183/387
f 1581/2183/387 1592/2196/399 1593/2197/400 1582/2184/388
f 1582/2184/388 1593/2197/400 1594/2198/401 1583/2185/389
f 1583/2185/389 1594/2198/401 1595/2199/402 1584/2186/390
f 1584/2187/390 1595/2200/402 1596/2201/403 1585/2188/391
f 1585/2188/391 1596/2201/403 1597/2202/404 1586/2189/392
f 1586/2189/392 1597/2202/404 1598/2203/405 1587/2190/393
f 1587/2190/393 1598/2203/405 1599/2204/406 1588/2191/394
f 1588/2191/394 1599/2204/406 1600/2205/407 1589/2192/395
f 2175/2193/396 2151/2206/408 1645/2207/409 1634/2194/397
f 1590/2123/330 1601/2152/359 1602/2208/410 1591/2195/398
f 1591/2195/398 1602/2208/410 1603/2209/411 1592/2196/399
f 1592/2196/399 1603/2209/411 1604/2210/412 1593/2197/400
f 1593/2197/400 1604/2210/412 1605/2211/413 1594/2198/401
f 1594/2198/401 1605/2211/413 1606/2212/414 1595/2199/402
f 1595/2200/402 1606/2213/414 1607/2214/415 1596/2201/403
f 1596/2201/403 1607/2214/415 1608/2215/416 1597/2202/404
f 1597/2202/404 1608/2215/416 1609/2216/417 1598/2203/405
f 1598/2203/405 1609/2216/417 1610/2217/418 1599/2204/406
f 1599/2204/406 1610/2217/418 1611/2218/419 1600/2205/407
f 2151/2206/408 2127/2219/420 1656/2220/421 1645/2207/409
f 1601/2152/359 1612/2167/372 1613/2221/422 1602/2208/410
f 1602/2208/410 1613/2221/422 1614/2222/423 1603/2209/411
f 1603/2209/411 1614/2222/423 1615/2223/424 1604/2210/412
f 1604/2210/412 1615/2223/424 1616/2224/425 1605/2211/413
f 1605/2211/413 1616/2224/425 1617/2225/426 1606/2212/414
f 1606/2213/414 1617/2226/426 1618/2227/427 1607/2214/415
f 1607/2214/415 1618/2227/427 1619/2228/428 1608/2215/416
f 1608/2215/416 1619/2228/428 1620/2229/429 1609/2216/417
f 1609/2216/417 1620/2229/429 1621/2230/430 1610/2217/418
f 1610/2217/418 1621/2230/430 1622/2231/431 1611/2218/419
f 2127/2219/420 2105/2232/432 1667/2233/433 1656/2220/421
f 1612/2167/372 1623/2181/385 1624/2234/434 1613/2221/422
f 1613/2221/422 1624/2234/434 1625/2235/435 1614/2222/423
f 1614/2222/423 1625/2235/435 1626/2236/436 1615/2223/424
f 1615/2223/424 1626/2236/436 1627/2237/437 1616/2224/425
f 1616/2224/425 1627/2237/437 1628/2238/438 1617/2225/426
f 1728/2239/439 1717/2240/440 2084/2241/441 2068/2242/442
f 1618/2227/427 1629/2243/443 1630/2244/444 1619/2228/428
f 1619/2228/428 1630/2244/444 1631/2245/445 1620/2229/429
f 1620/2229/429 1631/2245/445 1632/2246/446 1621/2230/430
f 1621/2230/430 1632/2246/446 1633/2247/447 1622/2231/431
f 2105/2232/432 2177/2248/448 1678/2249/449 1667/2233/433
f 1623/2181/385 1634/2194/397 1635/2250/450 1624/2234/434
f 1624/2234/434 1635/2250/450 1636/2251/451 1625/2235/435
f 1625/2235/435 1636/2251/451 1637/2252/452 1626/2236/436
f 1626/2236/436 1637/2252/452 1638/2253/453 1627/2237/437
f 1627/2237/437 1638/2253/453 1639/2254/454 1628/2238/438
f 1881/2255/455 1892/2256/456 2087/2257/457 2097/2258/458
f 1629/2243/443 1640/2259/459 1641/2260/460 1630/2244/444
f 1630/2244/444 1641/2260/460 1642/2261/461 1631/2245/445
f 1631/2245/445 1642/2261/461 1643/2262/462 1632/2246/446
f 1632/2246/446 1643/2262/462 1644/2263/463 1633/2247/447
f 2177/2248/448 2153/2264/464 1689/2265/465 1678/2249/449
f 1634/2194/397 1645/2207/409 1646/2266/466 1635/2250/450
f 1635/2250/450 1646/2266/466 1647/2267/467 1636/2251/451
f 1636/2251/451 1647/2267/467 1648/2268/468 1637/2252/452
f 1637/2252/452 1648/2268/468 1649/2269/469 1638/2253/453
f 1638/2253/453 1649/2269/469 1650/2270/470 1639/2254/454
f 1639/2271/454 1650/2272/470 1651/2273/471 1640/2259/459
f 1640/2259/459 1651/2273/471 1652/2274/472 1641/2260/460
f 1641/2260/460 1652/2274/472 1653/2275/473 1642/2261/461
f 1642/2261/461 1653/2275/473 1654/2276/474 1643/2262/462
f 1643/2262/462 1654/2276/474 1655/2277/475 1644/2263/463
f 2153/2264/464 2129/2278/476 1700/2279/477 1689/2265/465
f 1645/2207/409 1656/2220/421 1657/2280/478 1646/2266/466
f 1646/2266/466 1657/2280/478 1658/2281/479 1647/2267/467
f 1647/2267/467 1658/2281/479 1659/2282/480 1648/2268/468
f 1648/2268/468 1659/2282/480 1660/2283/481 1649/2269/469
f 1649/2269/469 1660/2283/481 1661/2284/482 1650/2270/470
f 1650/2272/470 1661/2285/482 1662/2286/483 1651/2273/471
f 1651/2273/471 1662/2286/483 1663/2287/484 1652/2274/472
f 1652/2274/472 1663/2287/484 1664/2288/485 1653/2275/473
f 1653/2275/473 1664/2288/485 1665/2289/486 1654/2276/474
f 1654/2276/474 1665/2289/486 1666/2290/487 1655/2277/475
f 2129/2278/476 2107/2291/488 1711/2292/489 1700/2279/477
f 1656/2220/421 1667/2233/433 1668/2293/490 1657/2280/478
f 1657/2280/478 1668/2293/490 1669/2294/491 1658/2281/479
f 1658/2281/479 1669/2294/491 1670/2295/492 1659/2282/480
f 1659/2282/480 1670/2295/492 1671/2296/493 1660/2283/481
f 1660/2283/481 1671/2296/493 1672/2297/494 1661/2284/482
f 1661/2285/482 1672/2298/494 1673/2299/495 1662/2286/483
f 1662/2286/483 1673/2299/495 1674/2300/496 1663/2287/484
f 1663/2287/484 1674/2300/496 1675/2301/497 1664/2288/485
f 1664/2288/485 1675/2301/497 1676/2302/498 1665/2289/486
f 1665/2289/486 1676/2302/498 1677/2303/499 1666/2290/487
f 2107/2291/488 2179/2304/500 1722/2305/501 1711/2292/489
f 1667/2233/433 1678/2249/449 1679/2306/502 1668/2293/490
f 1668/2293/490 1679/2306/502 1680/2307/503 1669/2294/491
f 1669/2294/491 1680/2307/503 1681/2308/504 1670/2295/492
f 1670/2295/492 1681/2308/504 1682/2309/505 1671/2296/493
f 1671/2296/493 1682/2309/505 1683/2310/506 1672/2297/494
f 1672/2298/494 1683/2311/506 1684/2312/507 1673/2299/495
f 1673/2299/495 1684/2312/507 1685/2313/508 1674/2300/496
f 1674/2300/496 1685/2313/508 1686/2314/509 1675/2301/497
f 1675/2301/497 1686/2314/509 1687/2315/510 1676/2302/498
f 1676/2302/498 1687/2315/510 1688/2316/511 1677/2303/499
f 2179/2304/500 2155/2317/512 1733/2318/513 1722/2305/501
f 1678/2249/449 1689/2265/465 1690/2319/514 1679/2306/502
f 1679/2306/502 1690/2319/514 1691/2320/515 1680/2307/503
f 1680/2307/503 1691/2320/515 1692/2321/516 1681/2308/504
f 1681/2308/504 1692/2321/516 1693/2322/517 1682/2309/505
f 1682/2309/505 1693/2322/517 1694/2323/518 1683/2310/506
f 1683/2311/506 1694/2324/518 1695/2325/519 1684/2312/507
f 1684/2312/507 1695/2325/519 1696/2326/520 1685/2313/508
f 1685/2313/508 1696/2326/520 1697/2327/521 1686/2314/509
f 1686/2314/509 1697/2327/521 1698/2328/522 1687/2315/510
f 1687/2315/510 1698/2328/522 1699/2329/523 1688/2316/511
f 2155/2317/512 2131/2330/524 1744/2331/525 1733/2318/513
f 1689/2265/465 1700/2279/477 1701/2332/526 1690/2319/514
f 1690/2319/514 1701/2332/526 1702/2333/527 1691/2320/515
f 1691/2320/515 1702/2333/527 1703/2334/528 1692/2321/516
f 1692/2321/516 1703/2334/528 1704/2335/529 1693/2322/517
f 1693/2322/517 1704/2335/529 1705/2336/530 1694/2323/518
f 1694/2324/518 1705/2337/530 1706/2338/531 1695/2325/519
f 1695/2325/519 1706/2338/531 1707/2339/532 1696/2326/520
f 1696/2326/520 1707/2339/532 1708/2340/533 1697/2327/521
f 1697/2327/521 1708/2340/533 1709/2341/534 1698/2328/522
f 1698/2328/522 1709/2341/534 1710/2342/535 1699/2329/523
f 2131/2330/524 2109/2343/536 1755/2344/537 1744/2331/525
f 1700/2279/477 1711/2292/489 1712/2345/538 1701/2332/526
f 1701/2332/526 1712/2345/538 1713/2346/539 1702/2333/527
f 1702/2333/527 1713/2346/539 1714/2347/540 1703/2334/528
f 1703/2334/528 1714/2347/540 1715/2348/541 1704/2335/529
f 1704/2335/529 1715/2348/541 1716/2349/542 1705/2336/530
f 2057/2350/543 1540/2136/343 2075/2351/544 2076/2352/545
f 1706/2338/531 1717/2240/440 1718/2353/546 1707/2339/532
f 1707/2339/532 1718/2353/546 1719/2354/547 1708/2340/533
f 1708/2340/533 1719/2354/547 1720/2355/548 1709/2341/534
f 1709/2341/534 1720/2355/548 1721/2356/549 1710/2342/535
f 2109/2343/536 2181/2357/550 1766/2358/551 1755/2344/537
f 1711/2292/489 1722/2305/501 1723/2359/552 1712/2345/538
f 1712/2345/538 1723/2359/552 1724/2360/553 1713/2346/539
f 1713/2346/539 1724/2360/553 1725/2361/554 1714/2347/540
f 1714/2347/540 1725/2361/554 1726/2362/555 1715/2348/541
f 1715/2348/541 1726/2362/555 1727/2363/556 1716/2349/542
f 1804/2364/557 1815/2365/558 2069/2366/559 2086/2367/560
f 1717/2240/440 1728/2239/439 1729/2368/561 1718/2353/546
f 1718/2353/546 1729/2368/561 1730/2369/562 1719/2354/547
f 1719/2354/547 1730/2369/562 1731/2370/563 1720/2355/548
f 1720/2355/548 1731/2370/563 1732/2371/564 1721/2356/549
f 2181/2357/550 2157/2372/565 1777/2373/566 1766/2358/551
f 1722/2305/501 1733/2318/513 1734/2374/567 1723/2359/552
f 1723/2359/552 1734/2374/567 1735/2375/568 1724/2360/553
f 1724/2360/553 1735/2375/568 1736/2376/569 1725/2361/554
f 1725/2361/554 1736/2376/569 1737/2377/570 1726/2362/555
f 1726/2362/555 1737/2377/570 1738/2378/571 1727/2363/556
f 1727/2379/556 1738/2380/571 1739/2381/572 1728/2239/439
f 1728/2239/439 1739/2381/572 1740/2382/573 1729/2368/561
f 1729/2368/561 1740/2382/573 1741/2383/574 1730/2369/562
f 1730/2369/562 1741/2383/574 1742/2384/575 1731/2370/563
f 1731/2370/563 1742/2384/575 1743/2385/576 1732/2371/564
f 2157/2372/565 2133/2386/577 1788/2387/578 1777/2373/566
f 1733/2318/513 1744/2331/525 1745/2388/579 1734/2374/567
f 1734/2374/567 1745/2388/579 1746/2389/580 1735/2375/568
f 1735/2375/568 1746/2389/580 1747/2390/581 1736/2376/569
f 1736/2376/569 1747/2390/581 1748/2391/582 1737/2377/570
f 1737/2377/570 1748/2391/582 1749/2392/583 1738/2378/571
f 1738/2380/571 1749/2393/583 1750/2394/584 1739/2381/572
f 1739/2381/572 1750/2394/584 1751/2395/585 1740/2382/573
f 1740/2382/573 1751/2395/585 1752/2396/586 1741/2383/574
f 1741/2383/574 1752/2396/586 1753/2397/587 1742/2384/575
f 1742/2384/575 1753/2397/587 1754/2398/588 1743/2385/576
f 2133/2386/577 2111/2399/589 1799/2400/590 1788/2387/578
f 1744/2331/525 1755/2344/537 1756/2401/591 1745/2388/579
f 1745/2388/579 1756/2401/591 1757/2402/592 1746/2389/580
f 1746/2389/580 1757/2402/592 1758/2403/593 1747/2390/581
f 1747/2390/581 1758/2403/593 1759/2404/594 1748/2391/582
f 1748/2391/582 1759/2404/594 1760/2405/595 1749/2392/583
f 1749/2393/583 1760/2406/595 1761/2407/596 1750/2394/584
f 1750/2394/584 1761/2407/596 1762/2408/597 1751/2395/585
f 1751/2395/585 1762/2408/597 1763/2409/598 1752/2396/586
f 1752/2396/586 1763/2409/598 1764/2410/599 1753/2397/587
f 1753/2397/587 1764/2410/599 1765/2411/600 1754/2398/588
f 2111/2412/589 2183/2413/601 1810/2414/602 1799/2415/590
f 1755/2344/537 1766/2358/551 1767/2416/603 1756/2401/591
f 1756/2401/591 1767/2416/603 1768/2417/604 1757/2402/592
f 1757/2402/592 1768/2417/604 1769/2418/605 1758/2403/593
f 1758/2403/593 1769/2418/605 1770/2419/606 1759/2404/594
f 1759/2404/594 1770/2419/606 1771/2420/607 1760/2405/595
f 1760/2406/595 1771/2421/607 1772/2422/608 1761/2407/596
f 1761/2407/596 1772/2422/608 1773/2423/609 1762/2408/597
f 1762/2408/597 1773/2423/609 1774/2424/610 1763/2409/598
f 1763/2409/598 1774/2424/610 1775/2425/611 1764/2410/599
f 1764/2410/599 1775/2425/611 1776/2426/612 1765/2411/600
f 2183/2413/601 2159/2427/365 1821/2428/613 1810/2414/602
f 1766/2358/551 1777/2373/566 1778/2429/614 1767/2416/603
f 1767/2416/603 1778/2429/614 1779/2430/615 1768/2417/604
f 1768/2417/604 1779/2430/615 1780/2431/616 1769/2418/605
f 1769/2418/605 1780/2431/616 1781/2432/617 1770/2419/606
f 1770/2419/606 1781/2432/617 1782/2433/618 1771/2420/607
f 1771/2421/607 1782/2434/618 1783/2435/619 1772/2422/608
f 1772/2422/608 1783/2435/619 1784/2436/620 1773/2423/609
f 1773/2423/609 1784/2436/620 1785/2437/621 1774/2424/610
f 1774/2424/610 1785/2437/621 1786/2438/622 1775/2425/611
f 1775/2425/611 1786/2438/622 1787/2439/623 1776/2426/612
f 2159/2427/365 2135/2440/378 1832/2441/624 1821/2428/613
f 1777/2373/566 1788/2387/578 1789/2442/625 1778/2429/614
f 1778/2429/614 1789/2442/625 1790/2443/626 1779/2430/615
f 1779/2430/615 1790/2443/626 1791/2444/627 1780/2431/616
f 1780/2431/616 1791/2444/627 1792/2445/628 1781/2432/617
f 1781/2432/617 1792/2445/628 1793/2446/629 1782/2433/618
f 1782/2434/618 1793/2447/629 1794/2448/630 1783/2435/619
f 1783/2435/619 1794/2448/630 1795/2449/631 1784/2436/620
f 1784/2436/620 1795/2449/631 1796/2450/632 1785/2437/621
f 1785/2437/621 1796/2450/632 1797/2451/633 1786/2438/622
f 1786/2438/622 1797/2451/633 1798/2452/634 1787/2439/623
f 2135/2440/378 2113/2453/390 1843/2454/635 1832/2441/624
f 1788/2387/578 1799/2400/590 1800/2455/636 1789/2442/625
f 1789/2442/625 1800/2455/636 1801/2456/637 1790/2443/626
f 1790/2443/626 1801/2456/637 1802/2457/638 1791/2444/627
f 1791/2444/627 1802/2457/638 1803/2458/639 1792/2445/628
f 1792/2445/628 1803/2458/639 1804/2459/557 1793/2446/629
f 1991/2460/640 1992/2461/641 2074/2462/642 2073/2463/643
f 1794/2448/630 1805/2464/345 1806/2465/644 1795/2449/631
f 1795/2449/631 1806/2465/644 1807/2466/645 1796/2450/632
f 1796/2450/632 1807/2466/645 1808/2467/646 1797/2451/633
f 1797/2451/633 1808/2467/646 1809/2468/647 1798/2452/634
f 2113/2453/390 2185/2469/402 1854/2470/648 1843/2454/635
f 1799/2415/590 1810/2414/602 1811/2471/649 1800/2472/636
f 1800/2472/636 1811/2471/649 1812/2473/650 1801/2474/637
f 1801/2474/637 1812/2473/650 1813/2475/651 1802/2476/638
f 1802/2476/638 1813/2475/651 1814/2477/652 1803/2478/639
f 1803/2478/639 1814/2477/652 1815/2365/558 1804/2364/557
f 1904/2479/653 1893/2480/654 2082/2481/655 2072/2482/656
f 1805/2138/345 1816/2137/344 1817/2483/657 1806/2484/644
f 1806/2484/644 1817/2483/657 1818/2485/658 1807/2486/645
f 1807/2486/645 1818/2485/658 1819/2487/659 1808/2488/646
f 1808/2488/646 1819/2487/659 1820/2489/660 1809/2490/647
f 2185/2469/402 2161/2491/414 1865/2492/661 1854/2470/648
f 1810/2414/602 1821/2428/613 1822/2493/662 1811/2471/649
f 1811/2471/649 1822/2493/662 1823/2494/663 1812/2473/650
f 1812/2473/650 1823/2494/663 1824/2495/664 1813/2475/651
f 1813/2475/651 1824/2495/664 1825/2496/665 1814/2477/652
f 1814/2477/652 1825/2496/665 1826/2497/666 1815/2365/558
f 1815/2498/558 1826/2499/666 1827/2500/667 1816/2137/344
f 1816/2137/344 1827/2500/667 1828/2501/668 1817/2483/657
f 1817/2483/657 1828/2501/668 1829/2502/669 1818/2485/658
f 1818/2485/658 1829/2502/669 1830/2503/670 1819/2487/659
f 1819/2487/659 1830/2503/670 1831/2504/671 1820/2489/660
f 2161/2491/414 2137/2505/672 1876/2506/673 1865/2492/661
f 1821/2428/613 1832/2441/624 1833/2507/674 1822/2493/662
f 1822/2493/662 1833/2507/674 1834/2508/675 1823/2494/663
f 1823/2494/663 1834/2508/675 1835/2509/676 1824/2495/664
f 1824/2495/664 1835/2509/676 1836/2510/677 1825/2496/665
f 1825/2496/665 1836/2510/677 1837/2511/678 1826/2497/666
f 1826/2499/666 1837/2512/678 1838/2513/679 1827/2500/667
f 1827/2500/667 1838/2513/679 1839/2514/680 1828/2501/668
f 1828/2501/668 1839/2514/680 1840/2515/681 1829/2502/669
f 1829/2502/669 1840/2515/681 1841/2516/682 1830/2503/670
f 1830/2503/670 1841/2516/682 1842/2517/683 1831/2504/671
f 2137/2505/672 2115/2518/684 1887/2519/685 1876/2506/673
f 1832/2441/624 1843/2454/635 1844/2520/686 1833/2507/674
f 1833/2507/674 1844/2520/686 1845/2521/687 1834/2508/675
f 1834/2508/675 1845/2521/687 1846/2522/688 1835/2509/676
f 1835/2509/676 1846/2522/688 1847/2523/689 1836/2510/677
f 1836/2510/677 1847/2523/689 1848/2524/328 1837/2511/678
f 1837/2512/678 1848/2525/328 1849/2526/690 1838/2513/679
f 1838/2513/679 1849/2526/690 1850/2527/691 1839/2514/680
f 1839/2514/680 1850/2527/691 1851/2528/692 1840/2515/681
f 1840/2515/681 1851/2528/692 1852/2529/693 1841/2516/682
f 1841/2516/682 1852/2529/693 1853/2530/694 1842/2517/683
f 2115/2518/684 2187/2531/695 1898/2532/696 1887/2519/685
f 1843/2454/635 1854/2470/648 1855/2533/697 1844/2520/686
f 1844/2520/686 1855/2533/697 1856/2534/698 1845/2521/687
f 1845/2521/687 1856/2534/698 1857/2535/699 1846/2522/688
f 1846/2522/688 1857/2535/699 1858/2536/700 1847/2523/689
f 1847/2523/689 1858/2536/700 1859/2537/329 1848/2524/328
f 1848/2525/328 1859/2538/329 1860/2539/701 1849/2526/690
f 1849/2526/690 1860/2539/701 1861/2540/702 1850/2527/691
f 1850/2527/691 1861/2540/702 1862/2541/703 1851/2528/692
f 1851/2528/692 1862/2541/703 1863/2542/704 1852/2529/693
f 1852/2529/693 1863/2542/704 1864/2543/705 1853/2530/694
f 2187/2531/695 2163/2544/470 1909/2545/706 1898/2532/696
f 1854/2470/648 1865/2492/661 1866/2546/707 1855/2533/697
f 1855/2533/697 1866/2546/707 1867/2547/708 1856/2534/698
f 1856/2534/698 1867/2547/708 1868/2548/709 1857/2535/699
f 1857/2535/699 1868/2548/709 1869/2549/710 1858/2536/700
f 1858/2536/700 1869/2549/710 1870/2550/358 1859/2537/329
f 1859/2538/329 1870/2551/358 1871/2552/711 1860/2539/701
f 1860/2539/701 1871/2552/711 1872/2553/712 1861/2540/702
f 1861/2540/702 1872/2553/712 1873/2554/713 1862/2541/703
f 1862/2541/703 1873/2554/713 1874/2555/714 1863/2542/704
f 1863/2542/704 1874/2555/714 1875/2556/715 1864/2543/705
f 2163/2544/470 2139/2557/482 1920/2558/716 1909/2545/706
f 1865/2492/661 1876/2506/673 1877/2559/717 1866/2546/707
f 1866/2546/707 1877/2559/717 1878/2560/718 1867/2547/708
f 1867/2547/708 1878/2560/718 1879/2561/719 1868/2548/709
f 1868/2548/709 1879/2561/719 1880/2562/720 1869/2549/710
f 1869/2549/710 1880/2562/720 1881/2255/455 1870/2550/358
f 1870/2551/358 1881/2563/455 1882/2564/721 1871/2552/711
f 1871/2552/711 1882/2564/721 1883/2565/722 1872/2553/712
f 1872/2553/712 1883/2565/722 1884/2566/723 1873/2554/713
f 1873/2554/713 1884/2566/723 1885/2567/724 1874/2555/714
f 1874/2555/714 1885/2567/724 1886/2568/725 1875/2556/715
f 2139/2557/482 2117/2569/494 1931/2570/726 1920/2558/716
f 1876/2506/673 1887/2519/685 1888/2571/727 1877/2559/717
f 1877/2559/717 1888/2571/727 1889/2572/728 1878/2560/718
f 1878/2560/718 1889/2572/728 1890/2573/729 1879/2561/719
f 1879/2561/719 1890/2573/729 1891/2574/730 1880/2562/720
f 1880/2562/720 1891/2574/730 1892/2256/456 1881/2255/455
f 1716/2349/542 1727/2363/556 2067/2575/731 2083/2576/732
f 1882/2564/721 1893/2480/654 1894/2577/733 1883/2565/722
f 1883/2565/722 1894/2577/733 1895/2578/734 1884/2566/723
f 1884/2566/723 1895/2578/734 1896/2579/735 1885/2567/724
f 1885/2567/724 1896/2579/735 1897/2580/736 1886/2568/725
f 2117/2569/494 2189/2581/506 1942/2582/737 1931/2570/726
f 1887/2519/685 1898/2532/696 1899/2583/738 1888/2571/727
f 1888/2571/727 1899/2583/738 1900/2584/739 1889/2572/728
f 1889/2572/728 1900/2584/739 1901/2585/740 1890/2573/729
f 1890/2573/729 1901/2585/740 1902/2586/741 1891/2574/730
f 1891/2574/730 1902/2586/741 1903/2587/742 1892/2256/456
f 1882/2564/721 1881/2563/455 2097/2588/458 2092/2589/743
f 1893/2480/654 1904/2479/653 1905/2590/744 1894/2577/733
f 1894/2577/733 1905/2590/744 1906/2591/745 1895/2578/734
f 1895/2578/734 1906/2591/745 1907/2592/746 1896/2579/735
f 1896/2579/735 1907/2592/746 1908/2593/747 1897/2580/736
f 2189/2581/506 2165/2594/518 1953/2595/748 1942/2582/737
f 1898/2532/696 1909/2545/706 1910/2596/749 1899/2583/738
f 1899/2583/738 1910/2596/749 1911/2597/750 1900/2584/739
f 1900/2584/739 1911/2597/750 1912/2598/751 1901/2585/740
f 1901/2585/740 1912/2598/751 1913/2599/752 1902/2586/741
f 1902/2586/741 1913/2599/752 1914/2600/408 1903/2587/742
f 1903/2601/742 1914/2602/408 1915/2603/753 1904/2479/653
f 1904/2479/653 1915/2603/753 1916/2604/754 1905/2590/744
f 1905/2590/744 1916/2604/754 1917/2605/755 1906/2591/745
f 1906/2591/745 1917/2605/755 1918/2606/756 1907/2592/746
f 1907/2592/746 1918/2606/756 1919/2607/757 1908/2593/747
f 2165/2594/518 2141/2608/758 1964/2609/759 1953/2595/748
f 1909/2545/706 1920/2558/716 1921/2610/760 1910/2596/749
f 1910/2596/749 1921/2610/760 1922/2611/761 1911/2597/750
f 1911/2597/750 1922/2611/761 1923/2612/762 1912/2598/751
f 1912/2598/751 1923/2612/762 1924/2613/763 1913/2599/752
f 1913/2599/752 1924/2613/763 1925/2614/420 1914/2600/408
f 1914/2602/408 1925/2615/420 1926/2616/764 1915/2603/753
f 1915/2603/753 1926/2616/764 1927/2617/765 1916/2604/754
f 1916/2604/754 1927/2617/765 1928/2618/766 1917/2605/755
f 1917/2605/755 1928/2618/766 1929/2619/767 1918/2606/756
f 1918/2606/756 1929/2619/767 1930/2620/768 1919/2607/757
f 2141/2608/758 2119/2621/769 1975/2622/770 1964/2609/759
f 1920/2558/716 1931/2570/726 1932/2623/771 1921/2610/760
f 1921/2610/760 1932/2623/771 1933/2624/772 1922/2611/761
f 1922/2611/761 1933/2624/772 1934/2625/773 1923/2612/762
f 1923/2612/762 1934/2625/773 1935/2626/774 1924/2613/763
f 1924/2613/763 1935/2626/774 1936/2627/432 1925/2614/420
f 1925/2615/420 1936/2628/432 1937/2629/775 1926/2616/764
f 1926/2616/764 1937/2629/775 1938/2630/776 1927/2617/765
f 1927/2617/765 1938/2630/776 1939/2631/777 1928/2618/766
f 1928/2618/766 1939/2631/777 1940/2632/778 1929/2619/767
f 1929/2619/767 1940/2632/778 1941/2633/779 1930/2620/768
f 2119/2621/769 2191/2634/780 1986/2635/781 1975/2622/770
f 1931/2570/726 1942/2582/737 1943/2636/782 1932/2623/771
f 1932/2623/771 1943/2636/782 1944/2637/783 1933/2624/772
f 1933/2624/772 1944/2637/783 1945/2638/784 1934/2625/773
f 1934/2625/773 1945/2638/784 1946/2639/785 1935/2626/774
f 1935/2626/774 1946/2639/785 1947/2640/448 1936/2627/432
f 1936/2628/432 1947/2641/448 1948/2642/786 1937/2629/775
f 1937/2629/775 1948/2642/786 1949/2643/787 1938/2630/776
f 1938/2630/776 1949/2643/787 1950/2644/788 1939/2631/777
f 1939/2631/777 1950/2644/788 1951/2645/789 1940/2632/778
f 1940/2632/778 1951/2645/789 1952/2646/790 1941/2633/779
f 2191/2634/780 2167/2647/571 1997/2648/791 1986/2635/781
f 1942/2582/737 1953/2595/748 1954/2649/792 1943/2636/782
f 1943/2636/782 1954/2649/792 1955/2650/793 1944/2637/783
f 1944/2637/783 1955/2650/793 1956/2651/794 1945/2638/784
f 1945/2638/784 1956/2651/794 1957/2652/795 1946/2639/785
f 1946/2639/785 1957/2652/795 1958/2653/464 1947/2640/448
f 1947/2641/448 1958/2654/464 1959/2655/796 1948/2642/786
f 1948/2642/786 1959/2655/796 1960/2656/797 1949/2643/787
f 1949/2643/787 1960/2656/797 1961/2657/798 1950/2644/788
f 1950/2644/788 1961/2657/798 1962/2658/799 1951/2645/789
f 1951/2645/789 1962/2658/799 1963/2659/800 1952/2646/790
f 2167/2647/571 2143/2660/583 2008/2661/801 1997/2648/791
f 1953/2595/748 1964/2609/759 1965/2662/802 1954/2649/792
f 1954/2649/792 1965/2662/802 1966/2663/803 1955/2650/793
f 1955/2650/793 1966/2663/803 1967/2664/804 1956/2651/794
f 1956/2651/794 1967/2664/804 1968/2665/805 1957/2652/795
f 1957/2652/795 1968/2665/805 1969/2666/806 1958/2653/464
f 1958/2654/464 1969/2667/806 1970/2668/807 1959/2655/796
f 1959/2655/796 1970/2668/807 1971/2669/808 1960/2656/797
f 1960/2656/797 1971/2669/808 1972/2670/809 1961/2657/798
f 1961/2657/798 1972/2670/809 1973/2671/810 1962/2658/799
f 1962/2658/799 1973/2671/810 1974/2672/811 1963/2659/800
f 2143/2660/583 2121/2673/595 2019/2674/812 2008/2661/801
f 1964/2609/759 1975/2622/770 1976/2675/813 1965/2662/802
f 1965/2662/802 1976/2675/813 1977/2676/814 1966/2663/803
f 1966/2663/803 1977/2676/814 1978/2677/815 1967/2664/804
f 1967/2664/804 1978/2677/815 1979/2678/816 1968/2665/805
f 1968/2665/805 1979/2678/816 1980/2679/817 1969/2666/806
f 1794/2448/630 1793/2447/629 2096/2680/818 2089/2681/819
f 1970/2668/807 1981/2682/820 1982/2683/821 1971/2669/808
f 1971/2669/808 1982/2683/821 1983/2684/822 1972/2670/809
f 1972/2670/809 1983/2684/822 1984/2685/823 1973/2671/810
f 1973/2671/810 1984/2685/823 1985/2686/824 1974/2672/811
f 2121/2673/595 2193/2687/607 2030/2688/825 2019/2674/812
f 1975/2622/770 1986/2635/781 1987/2689/826 1976/2675/813
f 1976/2675/813 1987/2689/826 1988/2690/827 1977/2676/814
f 1977/2676/814 1988/2690/827 1989/2691/828 1978/2677/815
f 1978/2677/815 1989/2691/828 1990/2692/829 1979/2678/816
f 1979/2678/816 1990/2692/829 1991/2693/640 1980/2679/817
f 1892/2256/456 1903/2587/742 2071/2694/830 2087/2257/457
f 1981/2682/820 1992/2461/641 1993/2695/831 1982/2683/821
f 1982/2683/821 1993/2695/831 1994/2696/832 1983/2684/822
f 1983/2684/822 1994/2696/832 1995/2697/833 1984/2685/823
f 1984/2685/823 1995/2697/833 1996/2698/834 1985/2686/824
f 2193/2687/607 2169/2699/618 2041/2700/835 2030/2688/825
f 1986/2635/781 1997/2648/791 1998/2701/836 1987/2689/826
f 1987/2689/826 1998/2701/836 1999/2702/837 1988/2690/827
f 1988/2690/827 1999/2702/837 2000/2703/838 1989/2691/828
f 1989/2691/828 2000/2703/838 2001/2704/839 1990/2692/829
f 1990/2692/829 2001/2704/839 2002/2705/512 1991/2693/640
f 1991/2460/640 2002/2706/512 2003/2707/840 1992/2461/641
f 1992/2461/641 2003/2707/840 2004/2708/841 1993/2695/831
f 1993/2695/831 2004/2708/841 2005/2709/842 1994/2696/832
f 1994/2696/832 2005/2709/842 2006/2710/843 1995/2697/833
f 1995/2697/833 2006/2710/843 2007/2711/844 1996/2698/834
f 2169/2699/618 2145/2712/845 2052/2713/846 2041/2700/835
f 1997/2648/791 2008/2661/801 2009/2714/847 1998/2701/836
f 1998/2701/836 2009/2714/847 2010/2715/848 1999/2702/837
f 1999/2702/837 2010/2715/848 2011/2716/849 2000/2703/838
f 2000/2703/838 2011/2716/849 2012/2717/850 2001/2704/839
f 2001/2704/839 2012/2717/850 2013/2718/524 2002/2705/512
f 2002/2706/512 2013/2719/524 2014/2720/851 2003/2707/840
f 2003/2707/840 2014/2720/851 2015/2721/852 2004/2708/841
f 2004/2708/841 2015/2721/852 2016/2722/853 2005/2709/842
f 2005/2709/842 2016/2722/853 2017/2723/854 2006/2710/843
f 2006/2710/843 2017/2723/854 2018/2724/855 2007/2711/844
f 2145/2712/845 2099/2725/856 1535/2125/332 2052/2713/846
f 2008/2661/801 2019/2674/812 2020/2726/857 2009/2714/847
f 2009/2714/847 2020/2726/857 2021/2727/858 2010/2715/848
f 2010/2715/848 2021/2727/858 2022/2728/859 2011/2716/849
f 2011/2716/849 2022/2728/859 2023/2729/860 2012/2717/850
f 2012/2717/850 2023/2729/860 2024/2730/536 2013/2718/524
f 2013/2719/524 2024/2731/536 2025/2732/861 2014/2720/851
f 2014/2720/851 2025/2732/861 2026/2733/862 2015/2721/852
f 2015/2721/852 2026/2733/862 2027/2734/863 2016/2722/853
f 2016/2722/853 2027/2734/863 2028/2735/864 2017/2723/854
f 2017/2723/854 2028/2735/864 2029/2736/865 2018/2724/855
f 2123/2737/678 2101/2121/328 1579/2124/331 1568/2168/373
f 2019/2674/812 2030/2688/825 2031/2738/866 2020/2726/857
f 2020/2726/857 2031/2738/866 2032/2739/867 2021/2727/858
f 2021/2727/858 2032/2739/867 2033/2740/868 2022/2728/859
f 2022/2728/859 2033/2740/868 2034/2741/869 2023/2729/860
f 2023/2729/860 2034/2741/869 2035/2742/550 2024/2730/536
f 2024/2731/536 2035/2743/550 2036/2744/870 2025/2732/861
f 2025/2732/861 2036/2744/870 2037/2745/871 2026/2733/862
f 2026/2733/862 2037/2745/871 2038/2746/872 2027/2734/863
f 2027/2734/863 2038/2746/872 2039/2747/873 2028/2735/864
f 2028/2735/864 2039/2747/873 2040/2748/874 2029/2736/865
f 2030/2688/825 2041/2700/835 2042/2749/875 2031/2738/866
f 2031/2738/866 2042/2749/875 2043/2750/876 2032/2739/867
f 2032/2739/867 2043/2750/876 2044/2751/877 2033/2740/868
f 2033/2740/868 2044/2751/877 2045/2752/878 2034/2741/869
f 2034/2741/869 2045/2752/878 2046/2753/565 2035/2742/550
f 2035/2743/550 2046/2754/565 2047/2755/879 2036/2744/870
f 2036/2744/870 2047/2755/879 2048/2756/880 2037/2745/871
f 2037/2745/871 2048/2756/880 2049/2757/881 2038/2746/872
f 2038/2746/872 2049/2757/881 2050/2758/882 2039/2747/873
f 2039/2747/873 2050/2758/882 2051/2759/883 2040/2748/874
f 2171/2760/884 2147/2761/666 1557/2153/360 1546/2126/333
f 2041/2700/835 2052/2713/846 2053/2762/885 2042/2749/875
f 2042/2749/875 2053/2762/885 2054/2763/886 2043/2750/876
f 2043/2750/876 2054/2763/886 2055/2764/887 2044/2751/877
f 2044/2751/877 2055/2764/887 2056/2765/888 2045/2752/878
f 2045/2752/878 2056/2765/888 2057/2350/543 2046/2753/565
f 2046/2754/565 2057/2766/543 2058/2767/889 2047/2755/879
f 2047/2755/879 2058/2767/889 2059/2768/890 2048/2756/880
f 2048/2756/880 2059/2768/890 2060/2769/891 2049/2757/881
f 2049/2757/881 2060/2769/891 2061/2770/892 2050/2758/882
f 2050/2758/882 2061/2770/892 2062/2771/893 2051/2759/883
f 2147/2761/666 2123/2737/678 1568/2168/373 1557/2153/360
f 2052/2713/846 1535/2125/332 1536/2128/335 2053/2762/885
f 2053/2762/885 1536/2128/335 1537/2130/337 2054/2763/886
f 2054/2763/886 1537/2130/337 1538/2132/339 2055/2764/887
f 2055/2764/887 1538/2132/339 1539/2134/341 2056/2765/888
f 2056/2765/888 1539/2134/341 1540/2136/343 2057/2350/543
f 1981/2682/820 1970/2668/807 2095/2772/894 2085/2773/895
f 2058/2767/889 1541/2141/348 1542/2144/351 2059/2768/890
f 2059/2768/890 1542/2144/351 1543/2146/353 2060/2769/891
f 2060/2769/891 1543/2146/353 1544/2148/355 2061/2770/892
f 2061/2770/892 1544/2148/355 1545/2150/357 2062/2771/893
f 2075/2774/544 2063/2775/896 2064/2776/897 2077/2777/898
f 2090/2778/899 2080/2779/900 2081/2780/901 2091/2781/902
f 2080/2779/900 2065/2782/903 2066/2783/904 2081/2780/901
f 2093/2784/905 2083/2785/732 2084/2241/441 2094/2786/906
f 2083/2785/732 2067/2787/731 2068/2242/442 2084/2241/441
f 2096/2680/818 2086/2788/560 2079/2789/346 2089/2681/819
f 2086/2790/560 2069/2791/559 2070/2140/347 2079/2139/346
f 2097/2588/458 2087/2792/457 2082/2481/655 2092/2589/743
f 2087/2792/457 2071/2793/830 2072/2482/656 2082/2481/655
f 2098/2794/907 2088/2795/908 2085/2773/895 2095/2772/894
f 2088/2795/908 2073/2463/643 2074/2462/642 2085/2773/895
f 2076/2796/545 2075/2774/544 2077/2777/898 2078/2797/909
f 1540/2136/343 1551/2135/342 2063/2798/896 2075/2351/544
f 1706/2338/531 1705/2337/530 2093/2784/905 2094/2786/906
f 1793/2446/629 1804/2459/557 2086/2799/560 2096/2800/818
f 1705/2336/530 1716/2349/542 2083/2576/732 2093/2801/905
f 1893/2480/654 1882/2564/721 2092/2589/743 2082/2481/655
f 1717/2240/440 1706/2338/531 2094/2786/906 2084/2241/441
f 1552/2142/349 1541/2141/348 2077/2777/898 2064/2776/897
f 1805/2464/345 1794/2448/630 2089/2681/819 2079/2789/346
f 1628/2238/438 1639/2254/454 2065/2802/903 2080/2803/900
f 1903/2601/742 1904/2479/653 2072/2482/656 2071/2793/830
f 1727/2379/556 1728/2239/439 2068/2242/442 2067/2787/731
f 1640/2259/459 1629/2243/443 2081/2780/901 2066/2783/904
f 1618/2227/427 1617/2226/426 2090/2778/899 2091/2781/902
f 1980/2679/817 1991/2693/640 2073/2804/643 2088/2805/908
f 1815/2498/558 1816/2137/344 2070/2140/347 2069/2791/559
f 2058/2767/889 2057/2766/543 2076/2796/545 2078/2797/909
f 1617/2225/426 1628/2238/438 2080/2803/900 2090/2806/899
f 1970/2668/807 1969/2667/806 2098/2794/907 2095/2772/894
f 1992/2461/641 1981/2682/820 2085/2773/895 2074/2462/642
f 1629/2243/443 1618/2227/427 2091/2781/902 2081/2780/901
f 1551/2159/342 1552/2142/349 2064/2776/897 2063/2775/896
f 1969/2666/806 1980/2679/817 2088/2805/908 2098/2807/907
f 1541/2141/348 2058/2767/889 2078/2797/909 2077/2777/898
f 1639/2271/454 1640/2259/459 2066/2783/904 2065/2782/903
f 2099/2725/856 2171/2760/884 1546/2126/333 1535/2125/332
f 1545/2150/357 1556/2149/356 2172/2808/910 2100/2809/911
f 2126/2810/912 2104/2811/913 2198/2812/914 2208/2813/915
f 1567/2165/370 1578/2179/383 2124/2814/678 2148/2815/666
f 2148/2815/666 2124/2814/678 2123/2737/678 2147/2761/666
f 1556/2149/356 1567/2165/370 2148/2815/666 2172/2808/910
f 2172/2808/910 2148/2815/666 2147/2761/666 2171/2760/884
f 1578/2179/383 1589/2192/395 2102/2816/328 2124/2814/678
f 2124/2814/678 2102/2816/328 2101/2121/328 2123/2737/678
f 2062/2771/893 1545/2150/357 2100/2809/911 2146/2817/916
f 2175/2193/396 2103/2180/384 2197/2818/917 2221/2819/918
f 2051/2759/883 2062/2771/893 2146/2817/916 2170/2820/618
f 2170/2820/618 2146/2817/916 2145/2712/845 2169/2699/618
f 2040/2748/874 2051/2759/883 2170/2820/618 2194/2821/607
f 2194/2821/607 2170/2820/618 2169/2699/618 2193/2687/607
f 2029/2736/865 2040/2748/874 2194/2821/607 2122/2822/595
f 2122/2822/595 2194/2821/607 2193/2687/607 2121/2673/595
f 2018/2724/855 2029/2736/865 2122/2822/595 2144/2823/583
f 2144/2823/583 2122/2822/595 2121/2673/595 2143/2660/583
f 2007/2711/844 2018/2724/855 2144/2823/583 2168/2824/571
f 2168/2824/571 2144/2823/583 2143/2660/583 2167/2647/571
f 1996/2698/834 2007/2711/844 2168/2824/571 2192/2825/919
f 2192/2825/919 2168/2824/571 2167/2647/571 2191/2634/780
f 1985/2686/824 1996/2698/834 2192/2825/919 2120/2826/920
f 2188/2827/921 2187/2531/695 2227/2828/922 2228/2829/923
f 1974/2672/811 1985/2686/824 2120/2826/920 2142/2830/924
f 2133/2386/577 2134/2831/925 2212/2832/926 2211/2833/927
f 1963/2659/800 1974/2672/811 2142/2830/924 2166/2834/518
f 2166/2834/518 2142/2830/924 2141/2608/758 2165/2594/518
f 1952/2646/790 1963/2659/800 2166/2834/518 2190/2835/506
f 2190/2835/506 2166/2834/518 2165/2594/518 2189/2581/506
f 1941/2633/779 1952/2646/790 2190/2835/506 2118/2836/494
f 2118/2836/494 2190/2835/506 2189/2581/506 2117/2569/494
f 1930/2620/768 1941/2633/779 2118/2836/494 2140/2837/482
f 2140/2837/482 2118/2836/494 2117/2569/494 2139/2557/482
f 1919/2607/757 1930/2620/768 2140/2837/482 2164/2838/470
f 2164/2838/470 2140/2837/482 2139/2557/482 2163/2544/470
f 1908/2593/747 1919/2607/757 2164/2838/470 2188/2827/921
f 2188/2827/921 2164/2838/470 2163/2544/470 2187/2531/695
f 1897/2580/736 1908/2593/747 2188/2827/921 2116/2839/928
f 2107/2291/488 2129/2278/476 2209/2840/929 2199/2841/930
f 1886/2568/725 1897/2580/736 2116/2839/928 2138/2842/931
f 2104/2811/913 2176/2843/932 2222/2844/933 2198/2812/914
f 1875/2556/715 1886/2568/725 2138/2842/931 2162/2845/414
f 2162/2845/414 2138/2842/931 2137/2505/672 2161/2491/414
f 1864/2543/705 1875/2556/715 2162/2845/414 2186/2846/402
f 2186/2846/402 2162/2845/414 2161/2491/414 2185/2469/402
f 1853/2530/694 1864/2543/705 2186/2846/402 2114/2847/390
f 2114/2847/390 2186/2846/402 2185/2469/402 2113/2453/390
f 1842/2517/683 1853/2530/694 2114/2847/390 2136/2848/378
f 2136/2848/378 2114/2847/390 2113/2453/390 2135/2440/378
f 1831/2504/671 1842/2517/683 2136/2848/378 2160/2849/365
f 2160/2849/365 2136/2848/378 2135/2440/378 2159/2427/365
f 1820/2489/660 1831/2504/671 2160/2849/365 2184/2850/934
f 2184/2850/934 2160/2849/365 2159/2427/365 2183/2413/601
f 1809/2490/647 1820/2489/660 2184/2850/934 2112/2851/935
f 2130/2852/936 2108/2853/937 2200/2854/938 2210/2855/939
f 1798/2452/634 1809/2468/647 2112/2856/935 2134/2831/925
f 2145/2712/845 2146/2817/916 2218/2857/940 2217/2858/941
f 1787/2439/623 1798/2452/634 2134/2831/925 2158/2859/565
f 2158/2859/565 2134/2831/925 2133/2386/577 2157/2372/565
f 1776/2426/612 1787/2439/623 2158/2859/565 2182/2860/550
f 2182/2860/550 2158/2859/565 2157/2372/565 2181/2357/550
f 1765/2411/600 1776/2426/612 2182/2860/550 2110/2861/536
f 2110/2861/536 2182/2860/550 2181/2357/550 2109/2343/536
f 1754/2398/588 1765/2411/600 2110/2861/536 2132/2862/524
f 2132/2862/524 2110/2861/536 2109/2343/536 2131/2330/524
f 1743/2385/576 1754/2398/588 2132/2862/524 2156/2863/512
f 2156/2863/512 2132/2862/524 2131/2330/524 2155/2317/512
f 1732/2371/564 1743/2385/576 2156/2863/512 2180/2864/942
f 2180/2864/942 2156/2863/512 2155/2317/512 2179/2304/500
f 1721/2356/549 1732/2371/564 2180/2864/942 2108/2853/937
f 2179/2304/500 2107/2291/488 2199/2841/930 2223/2865/943
f 1710/2342/535 1721/2356/549 2108/2853/937 2130/2852/936
f 2172/2808/910 2171/2760/884 2219/2866/944 2220/2867/945
f 1699/2329/523 1710/2342/535 2130/2852/936 2154/2868/464
f 2154/2868/464 2130/2852/936 2129/2278/476 2153/2264/464
f 1688/2316/511 1699/2329/523 2154/2868/464 2178/2869/448
f 2178/2869/448 2154/2868/464 2153/2264/464 2177/2248/448
f 1677/2303/499 1688/2316/511 2178/2869/448 2106/2870/432
f 2106/2870/432 2178/2869/448 2177/2248/448 2105/2232/432
f 1666/2290/487 1677/2303/499 2106/2870/432 2128/2871/420
f 2128/2871/420 2106/2870/432 2105/2232/432 2127/2219/420
f 1655/2277/475 1666/2290/487 2128/2871/420 2152/2872/408
f 2152/2872/408 2128/2871/420 2127/2219/420 2151/2206/408
f 1644/2263/463 1655/2277/475 2152/2872/408 2176/2843/932
f 2176/2843/932 2152/2872/408 2151/2206/408 2175/2193/396
f 1633/2247/447 1644/2263/463 2176/2843/932 2104/2811/913
f 2111/2399/589 2133/2386/577 2211/2833/927 2201/2873/946
f 1622/2231/431 1633/2247/447 2104/2811/913 2126/2810/912
f 2108/2853/937 2180/2864/942 2224/2874/947 2200/2854/938
f 1611/2218/419 1622/2231/431 2126/2810/912 2150/2875/358
f 2150/2875/358 2126/2810/912 2125/2166/371 2149/2151/358
f 1600/2205/407 1611/2218/419 2150/2875/358 2174/2876/329
f 2174/2876/329 2150/2875/358 2149/2151/358 2173/2122/329
f 1589/2192/395 1600/2205/407 2174/2876/329 2102/2816/328
f 2102/2816/328 2174/2876/329 2173/2122/329 2101/2121/328
f 2196/2877/948 2220/2867/945 2219/2866/944 2195/2878/949
f 2218/2857/940 2196/2877/948 2195/2878/949 2217/2858/941
f 2206/2879/950 2230/2880/951 2229/2881/952 2205/2882/953
f 2216/2883/954 2206/2879/950 2205/2882/953 2215/2884/955
f 2204/2885/956 2228/2829/923 2227/2828/922 2203/2886/957
f 2214/2887/958 2204/2885/956 2203/2886/957 2213/2888/959
f 2202/2889/960 2226/2890/961 2225/2891/962 2201/2892/946
f 2212/2832/926 2202/2893/960 2201/2873/946 2211/2833/927
f 2200/2854/938 2224/2874/947 2223/2865/943 2199/2841/930
f 2210/2855/939 2200/2854/938 2199/2841/930 2209/2840/929
f 2198/2812/914 2222/2844/933 2221/2819/918 2197/2818/917
f 2208/2813/915 2198/2812/914 2197/2818/917 2207/2894/963
f 2176/2843/932 2175/2193/396 2221/2819/918 2222/2844/933
f 2146/2817/916 2100/2809/911 2196/2877/948 2218/2857/940
f 2103/2180/384 2125/2166/371 2207/2894/963 2197/2818/917
f 2120/2826/920 2192/2825/919 2230/2880/951 2206/2879/950
f 2099/2725/856 2145/2712/845 2217/2858/941 2195/2878/949
f 2191/2634/780 2119/2621/769 2205/2882/953 2229/2881/952
f 2137/2505/672 2138/2842/931 2214/2887/958 2213/2888/959
f 2192/2825/919 2191/2634/780 2229/2881/952 2230/2880/951
f 2142/2830/924 2120/2826/920 2206/2879/950 2216/2883/954
f 2116/2839/928 2188/2827/921 2228/2829/923 2204/2885/956
f 2125/2166/371 2126/2810/912 2208/2813/915 2207/2894/963
f 2119/2621/769 2141/2608/758 2215/2884/955 2205/2882/953
f 2180/2864/942 2179/2304/500 2223/2865/943 2224/2874/947
f 2187/2531/695 2115/2518/684 2203/2886/957 2227/2828/922
f 2138/2842/931 2116/2839/928 2204/2885/956 2214/2887/958
f 2100/2809/911 2172/2808/910 2220/2867/945 2196/2877/948
f 2112/2851/935 2184/2850/934 2226/2890/961 2202/2889/960
f 2141/2608/758 2142/2830/924 2216/2883/954 2215/2884/955
f 2115/2518/684 2137/2505/672 2213/2888/959 2203/2886/957
f 2171/2760/884 2099/2725/856 2195/2878/949 2219/2866/944
f 2183/2413/601 2111/2412/589 2201/2892/946 2225/2891/962
f 2129/2278/476 2130/2852/936 2210/2855/939 2209/2840/929
f 2134/2831/925 2112/2856/935 2202/2893/960 2212/2832/926
f 2184/2850/934 2183/2413/601 2225/2891/962 2226/2890/961
